privato,gruppo
TYN5AIRKP330J604,0
4577B6GZXM6058U8,0
18OND3J01R5U421B,1
I3Y14GN69R84QE8F,1
1B6Z8F5M44527365,2
3LJONP5026N2Y94F,2
45E6HKEX430UZ6XU,2
2R4SC19Q1718XVOK,3
20S14H59HU9909W8,3
1J9U0B3T4BTMVD37,3
R0194MO8IR4K5V89,3
S2G63290VI04CVE1,4
V74R643O5U4512J3,4
6AF0RV0OZ0VN4IQ7,5
E11OTUZ24FHLT4P4,5
5215M60L9X7TX9QL,6
55T1385V9356L439,6
ODQ341AKQ4V4MJKV,6
K32SY83I9VKRZ9FA,7
BZ7L4X36HJAQ8E45,7
1V935E28O3DQ131M,7
R1P34798MBRRU84Q,8
U25KPW2HCH96QJU0,8
UQ9A5PAUA1LX4708,9
465CA6J7ETZHJPB9,9
E5NOCWV4I060BUQN,9
0TM2LEM1L8DW335Q,9
Q0LJLFX5KL86LPL4,10
GH3Y99G6O4OP3PQ8,10
12397U394WLJ7975,10
H8VPM1QS5R6763LF,11
YCNR9T8QVST7WFJ2,11
4TA1L57GMDW3EP50,12
21R9114PUPN68207,12
EX7256V33Z9IZ7Z8,12
34PCH8TH45P5JYSA,13
58P2KSO0716U5A90,13
7RGZ23VB9189640C,14
C4Q696YS5V440SO3,14
1I9NAVR73A70DN51,15
J8I28G114023X94J,15
AG2CMY1JJ9GIM5GO,15
2XC1UN8SP50RUE90,16
S73O34JKSYLZZ3DB,16
T5E1N31F7H050U4K,17
1SZ129BG688XD918,17
8B74RHNB3C0UJVX7,17
80H3JYH3D2859B4Y,17
75F47K67Z6F81HZL,18
8A7W0E1KWEAR4BLR,18
5IAC3Q92U84411VB,18
6752MZ7K7T74A695,18
E7R836PFZ5XOZTCL,19
4H7V6AU214N2E76V,19
HXT438824TD1034L,20
34PHAWK74P25L4CA,20
BD3YI4133W6YG184,21
LY1152J708K85S26,21
988ILHS265R9SAAR,22
8T5PU7STD3921A71,22
TQ39H74QYGZQ0CU3,22
7D11SU7RNS81I07W,23
5VBH6ZGAP1C37945,23
46A907Y06EI14IPT,24
9117GMF5PR4HWCSQ,24
SEZZ25DBT7BMCVB4,24
AG6ZH922RXT578A6,24
85XNZ08249O6X77V,25
Y35954N6AB8H35VV,25
3D3GH3M2PNW5C381,25
02GSHPN2U3803P6X,25
RZ1RT9KU0C1JIE43,26
B4A8FY60F7HH83DJ,26
ZFC343I5T4W78G19,27
015JVP7ASB8VW85V,27
7926BT14733N6EC0,28
52I08409SMH79047,28
NJGPAC216625V68I,28
SV5WCTDJLDPI748W,29
N2T3OHQUV64D20T3,29
RNS0A68E40M89WH7,29
3J9HOEV86A6NL71R,30
817SZ99628O71BU9,30
PWMT35PQR875DT9B,31
25H3CXJ0IMX4X87Y,31
H2687TN7SS9XB6NC,31
8JB1CGA101D36I22,32
104HWS623BM3SN78,32
KTX850K3Y56121XX,33
6UDWOGNSP6IO46W8,33
G3N3VKHO545974JC,34
EA9Q589EV9127LYD,34
ZNGQFW7X5F963255,35
NGJY870TJJ513B1K,35
A7C8G4GYO84CIE23,36
U88QX19ZB5SG84L7,36
PQ3LV49388K51093,37
30HWDWW5TPIWC5XO,37
560L1FWZ25UJR6M8,38
OG8P6089747T0MN2,38
W7IB93K6027JME7S,38
X8RZ5846OV9775DI,39
52N9A49P4HV3O6FC,39
FE4UPK3K3R7295QF,40
P0G281BH4100R2M8,40
9G42SA8L65186WUF,41
BL7AMICY9BC8EQ7Y,41
2B81E5B0IQAC2KW7,42
4KK1Q5PXPDSG253A,42
9K46100NF7WQB17T,42
1452D8W215239UW5,42
147BURHXZ1J9G350,43
73ON06M3CT9812SD,43
M210Z58NV4O9ZQ4M,44
695CJD790E8C9M90,44
4PUVW04QI5840IFM,44
44D29Y2B5AFGISR1,44
1641I508L5F87E2G,45
NPJKGL83POG4W9YF,45
59NB1C188EHFS4VD,46
3U40M7Y6P9K92BU1,46
7825PI562389GF9Z,46
AQ7RWHOEY1168O65,46
E973C8ND8787CD1Z,47
39QI3X0G55BD7728,47
G80C5E0U91ONHZPS,47
F27P72SF93278DP8,47
K0A6S46199BN8061,48
77BB180F5J22HS53,48
8K7UMOZM3SU8DET3,49
H3GI68369B00MB0F,49
P16901507WK2LZJG,49
9F0CNS887NTEDF67,50
YP2MTYKDG46U262J,50
8171432PPMANQSEW,50
3D11SN167850530F,51
R62WPC3V2745BCX6,51
B23WQGD9MV96876X,52
TH7606KP27PB40K6,52
O3G7ME5C24S96446,53
SF7B76JV956AA37Q,53
XJTMK6Y8CO7959A8,54
23493YD265L6C2B9,54
4RQ36PD589ZLTPV8,55
996XHT770Q55K8LD,55
507B433PVKL745XV,55
0116D93BQI16S40G,55
7OWS4279AOK2MZ46,56
P606F22C20R5NT44,56
K15AMJRL8XX5MX2M,56
9040F2837WK6MTLT,57
2818WDTAJEJWDS9Y,57
5UV6749Z3CN15FW1,57
DSJS141QBWSV7SJ0,58
O2J419S0470V2R76,58
U0XWD4JI90X2Z5DV,59
84LZ6KUCX2722144,59
V4J9N5N2DJZXEX6K,59
436A5C6L5TJH8WL8,60
1NFD41Z9F5VHK588,60
BWG7FEDQ482K2GWP,60
I2SXC7P33D6MBUUM,60
UL9R354V6163BTU2,61
U9UI2O5HSAXC039R,61
7P2463M1PUHW4TPN,62
6R4F16869C2QOPIJ,62
X766F1FRPFYYEEJ7,63
5IMRC8XMWY4H2K29,63
HLE7U0IM2M4SJ8V5,63
P71GM4YHMKRTZ9JB,64
3XSX10M0S33UI8D9,64
9Z4KS2H9BG77MG0U,64
01ROMRWW361KBM26,64
56TSGHJ6D323YG73,65
AROL9NOP5Q0KJJC5,65
HM516Y70D9X0281V,65
79QI872R9HKDIG28,65
8P3T3VY494NVKUL2,66
WFW265KM5MTB24O8,66
7IDLUL9E70X7R1JJ,66
3721P779S1ZS7YI1,66
V7Q8HTCO1LOE2U0D,67
CO4772Z66P139RY0,67
1JXBN1GE9G03WL32,68
AAX641NW471QBL19,68
CS40TQ42HE3IY19D,69
MM70L0H7L18S25MW,69
O77K47Y16FKEOTM4,70
FG2CCA95MXR70167,70
5G0M2ONZ15TM0R5S,70
0W6GV79V63DX043F,71
MXNJQH5PGQ03Z9D5,71
78A9II7Y4E046ARC,71
5G753D4W309T6WE6,72
G7OB7MV5FJFBT0Y3,72
R96J44PQ54B83L5I,72
85GHGCQSC58YGF8I,73
06732SR2Y46K8334,73
L99I07WPH97HB4P2,74
42PH49XP7766459B,74
13MZ4807NT4101S8,75
HNW5D2914FKKH1KZ,75
E77095UCOQ006DQK,75
Q60VPIM673VZB83F,76
Q4JZ54SLWUD23Z0Z,76
5KDL6E9VM5E4Q6QB,77
8A9L6PUNYXF63H7Z,77
P11Z9218TEE60481,77
1G7YQ91ON9039JGU,78
LPGZ0S378NUBZ90H,78
0V90GRTS99VJN21L,78
2Y21LLE20P4VE1R3,79
ALZ7SH36C1T24R2N,79
184HC7728F9486X3,80
6S0U4MZER1W30GQL,80
QZTY089I00GT59BF,81
V4MLS98Q5EZB2845,81
2E3F2B6U3V87809B,82
RKO9JT7TC3KO0AS7,82
F777UJ4U3XW517JX,82
001HQO17IBAF1QRJ,83
L4SZW2413T0NQOL9,83
M1PBVYVZ226ZWGU9,84
1UXU22OLLI52E77B,84
8458YK4O50ASO0P9,85
2W90NPLHJJKUP12Y,85
2BU7BZYL956LME0V,85
25EC8R605D4SC2U4,85
UORI6LF95E58RH9G,86
M48CG6VKX30B8XD0,86
669M3T95V4U5X31S,86
L98WF9O8KSMGN814,87
EH0XVPB4UTA57104,87
7V81N3WU179649I0,87
26QPR2QG2K6N8ZZ7,88
316M5L2WJKQDS4D5,88
854EF2BI55C42P39,89
QQ2MV736E9C35GS9,89
2LEGZOILVN2ONK5L,89
V4C0DKEDFX7437J6,89
K0FJPI47W449ZC2H,90
7P986H6NR61C1BC2,90
9W6E89FWT2Z9M6U7,91
W43F5YGVB19YW061,91
64AZQ7066953S71X,92
4R1C4G53825X4212,92
QU91Y0N6573L6L77,93
CG1P68T7742QTFRE,93
5C6VX52I8415CJAP,94
6N00LM367T0GD37Y,94
A19X1G5W504C6TNE,95
Q3HB91DKV3R31C04,95
PJLBMNMQ6D4500S3,96
R88H7LTW818Z93Z3,96
O8JYFZVK23741AJX,97
T49T318I9WC4ND68,97
UV43L7B423RM06SP,98
589LZ9G2Q19JZ361,98
9072Y5BO86AM8B3C,98
RF0476Z6D3037E2M,99
5V2028Q0U92889J4,99
5TL2188H1YOX7XTI,100
845U2Q1ZO8CJ61XC,100
L9D2L5Y579E0Y142,101
4SV7GJEH671NIY5N,101
PI8194ZQ9O4X4A62,102
TST21342E4H6MKOB,102
P77W8710UUV8J2CT,103
6B09571X7LWSZ342,103
28F2J0A61Z06BJG1,103
ID109953W036V936,104
1M83MJ83RF269M6R,104
684NL3JZH903UB8G,105
O2QQDKK9RB5GC961,105
88LLD7I86MP1AOEO,106
5CA8P055E2D2H1QS,106
L3N0KG3O3FFL51Q4,107
DIS14U9BLK2403R4,107
09OXWP2C96UP69WC,108
Y5QA48V4UV578XL4,108
W7OZH3M449KZSC53,108
L0276VO3U9L0EZV4,109
KB0AEAVEGT380959,109
6M17SHO53ZZKCM14,109
JG364SERM2G0I5EZ,110
MD9SQOH5HGC6CMG2,110
XLIS95A14V1S3949,110
0KT815N9F4R0FZ94,111
8C11HERTC2Z6VI46,111
9J6QOGNU5E02095S,111
E3545AV6H9VX0EO0,111
OW501C13MRNQ13FI,112
D385L8683R0240RW,112
NNBD03O6IC5T16S5,113
L2428T02Q5BCXSEB,113
4C051AWFLSQM67L8,114
4BMGC69WQLE8T11J,114
8R9RM344JQS9M3O6,114
ZM19O490646HCBQM,114
KWB996RFVFNYF6M8,115
S652J3L3SD0564X4,115
EXWP587GCU5216O1,116
Q5F2X4UAID35ORF3,116
404NEA6N034565W2,116
771NH6S1OB8QQ5EV,117
ANDO0408CGSBMDL4,117
R798XC2Q52528065,118
0JPS33IA14DP27CT,118
V69W42X22V7L5YCG,119
YXJD94TO3ZOM961D,119
ZT425Z93261NIS3C,120
997S28OQU3I79Z02,120
3LC97IZ54RAS4121,121
RQI6XPQJ7P7M02N5,121
S7H1MUZ73DBLI897,122
9S3W0AODH3VH39UO,122
DLPR77SI47Z663VS,123
07EY8NOIE08L9YEN,123
9T5856HY4ON046X0,124
6959P906Y239DIE3,124
46JL93O2CY51X7CZ,124
9IMYJ8STRFFD9842,124
717584VA9SSL6Q94,125
64SO9873OFJ7F031,125
G9G16WRX682I2VS3,126
509E781RO0YTH338,126
58W9ACVMQ5DEALTP,127
6230ZZ13HYS840S9,127
BOV903S9060BML59,128
W61D303AMCDZU419,128
30SPFC0JWWZ4N5ES,129
KV1MLK1624764KRJ,129
OIA31CSAA90I8GM2,130
J3PX80JB1L856GH2,130
Z49812588C6C2X4M,131
4D61EAX7L0KX1B8B,131
54YYI60W98W88465,131
VIAD81AX81C055WI,132
46N0O77132I7EEYH,132
Q95HINO3TE153L4M,132
0F6OU771NZW74OHJ,133
T0548RL7M9R61T9L,133
JPTJX0GBH2L1TOH8,134
3WFKQ9Q63D0UIR1N,134
X5S357KYE4684099,135
8694VZ179Z8IL4V6,135
X4WH5B7T0QRPH1DH,136
DI965P3S62EIH7Z7,136
OUAR7579Z5EN2WG7,137
60TNG8934PS3B39E,137
4KZD44GK4D2I38KZ,138
JTKA6024974C952J,138
CV54L4VXQEV13WCN,139
3HCG33DA4N57785G,139
BR48KUJ8N7U7WSUD,139
9RHO13TQ2A4X340S,140
836Q2877D9VOP5BS,140
55TP0IS68C5I9A7O,141
H56R9X4L9G09DO6G,141
JBVZ8W2NZV691A4V,142
S7CS31MK9DPY4R3Q,142
3CL0S22TJT8ZQM7Q,142
7GNL564BYC7L14M1,142
MV6G6OKAMW16CQL5,143
E4I9CDPQ746771DJ,143
4PCXJD5KQZ3CVUZ8,144
H6Z0219LVI5GM948,144
RF4XSZLD2312HA5N,145
N9PB497Z1E766K7E,145
MD0S7581VT6M3099,146
E1K181U0Z7R1R00Y,146
W9JTQZ89C9KUAALH,147
Z56K7GS15TJFN0N0,147
KZ46144P9RDFGM2G,148
45W669HP27Y4AAE5,148
9UZC7221VEXS571G,149
2017OR6A4RFC6C2L,149
QF66PA01U56SRC9H,150
5P9J1XW9R9Y79O7P,150
W3N5350J46890V26,151
K9VYI841J66J3GQ3,151
50DQFQXP24HQBA89,152
VDGOTG63KMB30999,152
58GWL43GB2983C10,153
U54K6G0L32KE6546,153
FSQ3D16E7ADZ6PLC,154
39LP7C79961OF870,154
X46P7949R5WCQB8O,155
K614L4P3ET4Q8HSD,155
G0255370Q646A32B,156
2ZSNW2LJG185U592,156
0917SJGCH70U528W,157
GW7YK8279UJKY015,157
JA5Q07O2F9VDQ9H8,158
JGG040968TK3MY7J,158
5Z90MX3V88PSJYRX,159
YOR8N5236MB0YDY1,159
G8H3IU629649HV63,159
9QTPJ4L6N97KT8QW,159
5F50A5QY28BF9EZA,160
AWTMC87S670125Y9,160
4QCQZCU26OA336OE,160
9821AV7603G5JP37,161
JES26Z8J8M842R3C,161
69V0RKTU6Z6UK3S2,162
914G4B681GNVC31P,162
PES5280896I62SB0,162
0UPO2ME741YYFU8F,162
7X30ELC9U39QL70Y,163
679877CG561B3X33,163
704AMS8YC0CT5I0B,164
A872Q1P99V3GGNNB,164
S3Q20C892JGPQDVH,165
W7DT999K810T4N8M,165
IV85FUR63P17ZYMW,165
5063K1O4370HI58X,166
ZM1AT7A7Y90RX6CI,166
0VC4955E6I0RKCOP,166
06WWI5AX2E2W46F5,166
PU640368YFYQ9KYF,167
90GVWHKMR040083K,167
F750YCM1D7ADF49M,168
74S91W4K4P284X2G,168
ZMJFUKPR1B85B6XK,168
49144S5D1507YX0R,169
70QP7Z31OLZ75W2R,169
TD31T33CTQNJVO7W,169
058XF4B5OS3GCF75,169
BY301TX3J74RUT27,170
546P4519601IS61A,170
770M1708W8QM59X5,170
BVPBI7YWH69S05Y5,171
5HH570B36315Y5Q5,171
GX8TTF526X42GE0Q,171
Z9HD8JF56E2A11Y4,172
0O5JQJF4M70C6639,172
2YNPQ87FJMQ2R9PG,173
MLJBBN7J742HQV67,173
Y2ZLL4G2MA7671B2,173
88JN3W757N06MFIE,174
L0P0U2321PHJ9GZA,174
7I877O5QXT5EF2G7,174
9GX7Z6Z1OPIL05V2,175
E5Z7L15Q8W4E0FUR,175
9NQN22R8F76Z2YLO,176
1663365E3W1GVH50,176
ELR26B1IHI85UWHP,177
Q09LI9L2DC6F93NP,177
FOQ1AA7M154S52P0,177
18FHB85VXU4BJWDI,177
6QPSVG6W6R86N5V0,178
93HT08RCY9GC9CF0,178
ZJ5818GVNYT12E39,178
76K85LTZ6669R2T3,178
Y56VHIYQ02924W7R,179
L289X84TWX4R1A80,179
S7P6055JZ4AO89SC,180
A5YH2805FQ9274KC,180
7LH38UTS589T2H7Y,181
7C046GKROU91B630,181
6O9798YF38P3BOAU,182
42L66S7O80DB9CY0,182
T40ZY9S7751C14TQ,182
7QCV29O1L8M5X36Z,183
XJ320RH8KAGD9GOC,183
I0VB71P1ZXTWSPV5,183
F66N2PP7HZGBB77N,184
0ANF0Q50H0T5368C,184
87A11677G8653P10,185
ITAO1MF34MF61MYL,185
ZURH143H1C2N083S,185
IF58KZED7PO07L8Q,185
SB4MUB8S3NRZ1RVR,186
37402LW0626914UF,186
54C0ER38O5YK1R1Y,186
A3LT620O0L58V989,186
OZ4789S8PT6KD64N,187
P47C996C1H3Z4XL6,187
06YMO7Z0QZA41635,188
05C6IAT250I4CJ36,188
6O26S9Q2I6L3615Z,189
CG7F00611F090A32,189
A4U4GTIXW662558V,190
841B882DT27IX633,190
FC4Y1IOEG17N428S,191
3TFN2B54HEJ5UJN7,191
BYYC2A29STLW0FY1,192
F346S54Q9E1AGSQ7,192
0Z5L16DMYD033H4X,192
Y45A7031K5EG430V,193
NQZ1T3273T8J8X8Y,193
38FC21D27664Z4R0,194
98903DU5XKHSBI1Z,194
LJFUAZKYHUFC939V,195
X076GA634W6D52U6,195
6517ZF8J1NXVMGN6,196
899JL465O1DJXBW2,196
17WX7N710MC3A1B8,196
NEE1X7W15HO18070,196
FFNRKINKI58F2QG4,197
ZSE9DE08YY111793,197
Q41NET8OP70V7DVD,198
87T9JPSF3O3EN456,198
5030FT94F57X6N28,199
BX3ZRKZM2L5P0U80,199
56P9GQ4WDYA8ZI18,199
C6QXS72X7V9AP90T,199
VC3UW9279N6SF563,200
0S6992I3L8W81BD3,200
32AK31I7L86E8CTW,201
OCIQK6F0M8A91S3J,201
14O4W6C4XE9AGK13,202
72Q6UQ4NKJ80MV0U,202
2RQ2627466X9R5O0,202
312Z0OYP0M6ZFPHF,203
GCU48Y5RPR9BJXIG,203
8JW56PZ6ID7D3D44,204
D4980EDHE979L85T,204
O1E27SFVC51S1H8P,204
9685DJ55YGN9P07C,204
2KI5N2574C74K785,205
1DKL360781161WP2,205
5AK3XW9O4F388UIO,206
J4TX32Z21L6CL1Z2,206
UO0S4PSG613P0OHV,207
4RZCPSH50D290C02,207
37XUW50U32K0B61H,207
0PLGMWQ43NZ910J5,208
FXC91529663L7CVZ,208
7NUHU7IKDY88V8Z5,209
L1381FOGD3FU03R0,209
ST5M0U920NG9QV5M,210
K6P4EJ14QHM2290I,210
9H4W7M9W45N5UXU9,211
2C1Y4X83TS5178W7,211
6F8C817KJU9KL19R,212
TT89L1N524COKL68,212
J1GI3GZFIP558F4M,213
U9WZ7H2725C4MK64,213
R71SN00O2V2V46O2,214
OBX6LE7G516NKT2R,214
243HO8ZGXOKL6K49,214
Z24470J4U5JV0W08,215
B25G2298DD08YT84,215
Q3C2PQ0L68Y98BMB,216
8IRM0K8H4Y3653Z7,216
JVIMB5YX9C6B102T,217
14YO9MLCBH85D45V,217
LF3ZW36CYNM62Z03,218
5R7485890P6V8IL0,218
S7641359814R4344,218
KY00Y9QG0BD5938P,218
13JYL8P8JX8DM994,219
613OB091HEC9Y8TN,219
GIXB762613G5J2P8,219
232UY000Q9FNY6G6,219
6TIP6J6QH8VNWC01,220
N1L77RJPEQV1MV79,220
WA17X98K4DYQ9910,221
RDKA6VWI1U22WOKM,221
K875Z885LZC94407,222
O461D83308IOC894,222
1WM247142V0H6943,223
HMT61N06QFVX35S8,223
9X1N3863NL84I3X6,223
9QYJ0C0ZO0837DD2,223
HO97Z07L6W4Y6MH2,224
C3ML4A903KJZA8PU,224
DG23AJUH16YKPX3K,224
88L78Y05U1H2Q7A1,225
HN3ECP2XJ9QQ45J2,225
O0VJ513CK5CI7565,226
564H9L1WM69X5923,226
GS44JRG151VLNZ17,226
5A5X0SB3W41H8R3B,226
9E90SOL85J1536ND,227
6U0B3CVM44QRN769,227
1X9KM892GHSXY8M5,227
X1PR8U2A6LHOJRFF,227
CR8664LB98JU02EO,228
Q8YZ8N8434729P3R,228
P780R3QTZ793W06Y,229
YWY2TUTPG2IY12SQ,229
IJ81SQK2C91687R4,229
OQB7CNJWJ48B23CV,229
2KHQ4GH4LHOC8NFN,230
34W471CP7MA9HL05,230
Q75I0544Q1K9Z949,231
10YH764DMMY031OC,231
71G80T749T8BXPIN,232
E0775BQ32LT8W774,232
K646356B25KVA2NK,233
71XUQ43QY8TULX86,233
YLX8V6M05Y27TREV,233
2V645IO34H0450V8,234
RQSHZM91W9GZ5794,234
5KKVP18IL898J310,235
GEB219Q20NEL29R9,235
359ZVXX8522R1411,235
7B390F49RMA0TB05,235
0T5BJ717QEHXZ758,236
2R2L4321IT84OWO1,236
9195O6C9W797005I,237
D13D262D46P8331L,237
VFZF10QG945Y4WBV,238
56H2S86HX8N73J4R,238
780RG376S8V42UOU,239
N89TIXO49O426D93,239
15Y9T501A579Q5Q0,240
0B4385YZBZ4H8A10,240
MW32675QCKF03T37,241
4X960R47BP4BK412,241
541B12JG5V7CRE2P,242
J47Q5Q5PZCURM95H,242
18XE1173S6QE0SU2,242
G8EWE7D5V0UP5LI6,243
4580C8U0QD47SO68,243
IFH59B34I2679TRS,244
OT2YKC8CXOKL02T0,244
7NE9S80Z2W9295B4,245
C3PNE13N57184RC7,245
QLRVVB5LNKA8YI3K,246
KSMUS4K37TLH09FS,246
541Z1DN4PCS7COW0,247
B54ESUE9I60B5T33,247
SRVGK8MF7XZ8UG96,247
9C2D7A3F663U84IZ,247
23869B5PSA694V23,248
43AO65WMK99U9P14,248
QR8FQZ0CE257VY35,249
2PEIVLTD76N5KO62,249
YXW85HX7XVUNQXA2,250
X87DSX9ZHQ2M11YK,250
S9JFK8C102142WI0,250
M7D8T53NWD06HM94,251
268P18U3DXI5ICA1,251
833745LPMRO17G48,251
4580EKWM43WTF7Q1,252
79B3T8Y367EB74V6,252
4NTZ65IYDG56NYJ9,252
RA8E92M2Z7KL93OJ,252
6G752VY0XI0QBDW8,253
2H59LZWXLXDEMVKW,253
IJ0261J8310OJ7Q1,253
K4U51V6173GZ03Q2,253
264774215WV1RH5J,254
C7IT705O1VG0KG06,254
ULM2BYWB279M3682,255
58MX9ZM9ICL54TRJ,255
65GZ8QWCAG973168,256
581809264KY8DQV6,256
KQ6RM34EPNP2K988,257
6X85766SKBH0QZZ6,257
CPD566CDG6F119EN,258
F1WAUCJ95E248038,258
8W48WXSN01A6K22F,259
E0P4V6DVXZK03741,259
Z6075J45W479S301,260
D1J2J6HV3WP03I0J,260
GBCOY22LQTV14DCA,261
U99P6MA46ZQ3PRKV,261
LV3HF6TT48TQ6IH2,262
N431W3N702G8083P,262
23YL80457S36808E,263
6K993CP6Y6A8SD8E,263
946PL0W0AGOJ8XVR,263
CY1ZJ3Z1C5WX4U42,264
ZV8K63B1C3PR6WHR,264
3H9729313U12T8N5,265
B905PAGF6E1FC37A,265
FCRA5J3TCY6R5K1T,266
58OR7OT3VWHX7266,266
N1N90B799C59G9IR,266
ZFI1UUYWD1PQ1G04,266
36V12QB894TE6662,267
23SGHCK1Z16BDZ6R,267
YKG1BOM4L48139F3,268
Q0NIXZK81V127735,268
G1502MY85845T92H,269
84P8L5PL34IBJ6Y1,269
DOY2M0QJ7284HNOW,269
2IO1FZX0BZ4ZH4MK,269
MATXHRZ67F65JQS2,270
7CL6B2882PGK5ZFY,270
W6EL265D88Q51271,270
795G39YF16IQC23G,271
0T01B6481DQU6WHF,271
6463PUH5DB42WI1X,272
7JSN9J4VXH0ZY5JL,272
16CNEY47GNM1Q3X3,273
1M4X6QLTYUCD17TS,273
8HD43XY4O5IHZ131,274
EG04T13M6S6V6528,274
S1AGU96J7RODH3GW,275
XB42W01SG4JD6H5P,275
54V5LEMT0CN4262R,276
E4YX31E7R433XV63,276
IJL5O0A941TTE034,277
H4X18DHL1X7P19B2,277
8631P9V777L05I0I,278
3F1JTPAV3M719QS4,278
Z489J4VM585NML9G,278
901L1B6U7J88CA40,279
8J9FN739LX577606,279
AM613793P7831SZ1,280
386QI6917Q7H4482,280
0974XL8K81178N4H,281
9206X9J8DAZ21WMW,281
I0VXOHC3PQ9N5V36,282
54U90WCH1REJ3T4C,282
1WLY0OES3BLK5IN5,282
S93KE5AB1KH8HI7F,282
S0159F7LP5321T99,283
QYAMZ05V15Z92IEI,283
K9IU1B47G90O3YZK,284
1B0882R032GD5PV1,284
9HLUUC7HEER9J405,284
960OG87AITQS7N97,284
041P4R2FTH3SE0P6,285
UT8FXN3GUIB94516,285
931TK9PE7I6BH5RQ,285
M7135U3J1HIP2TWS,286
PKG2U5P4S7Z5R7GW,286
748OZ1RS81WWP709,287
HI88G7A71N618QVA,287
8IGWB1S7Z1K98HHC,288
7Z388H2VS4Q17QP6,288
FI10L67S72D6IRJJ,289
N0B5106N93YF1P52,289
YLP0YRU6622TF57D,290
WOHO1861K1CD3PRC,290
674E3R9MYZ2V7RZL,290
XCBM9XEBN6NU96L5,290
DW2CO73BA3Y54858,291
8IM0JOVZ9L92O418,291
KS29XR402KHFT720,292
3625HLI1Q5TAXJ03,292
K8D5D50K8L6D2ZN3,292
1C1N6Z91KGPBV60L,293
EJ184NAAD2F122GM,293
6I15U59CI459YCC3,293
SHB87808W6VQ59LE,294
R7877146O77S117K,294
3T4064444QILVV6X,294
7025S8D02T2565ZX,294
64GO0W00M2IQ9V93,295
V76803A7C6Q5981M,295
1764LLV19R39SU4H,296
UI3J6P709XAPND1F,296
239K620EU148R495,296
4B1OTKJ0K58KS4GR,296
MQ99MX7Q12C0H1BB,297
R3UWD7J037K69616,297
VT99X12R984JH20S,297
8DGDZT3TS9KC3IPN,297
QN735MB70A36XN23,298
FDEMP2WIOW1B14XW,298
2MIEYSGTKX6AJE5X,299
QPSUJZ7JE8U167T2,299
6UEL5397MV25FJWC,299
9298O3IRDUS0LB11,299
UT68J88LM7R858WU,300
PYNGE39Q10583IR3,300
5U7VR5DH2WQP47Y2,300
H3DQEL61468MHWXR,301
181LO388584AC4X0,301
37093739POXU0S61,301
GGW0Y0U1623OK2L4,301
O800M41I0621DDHY,302
TBY9AUB719K2PI5R,302
0CRJ47U5651R20PT,303
5SJAV8954TJ3TH2R,303
SJD1W62S808N679C,303
5690C04G8E3SGL8L,303
PK6UM91O0ZZ26853,304
M87KS199E45LTF0P,304
405LEZW393149JA5,305
7X3OXH23L482MPNY,305
66DICC487LQXJ18L,305
O86721PKE7W81FJ9,305
L2X4FLM5UPMUVQ80,306
84Q92PE71F90L193,306
29D4A314KPOV172E,306
3PSMPV63ETZQ4I8C,306
51IQA755VV63I87M,307
1F7Q25250P8M12YP,307
OC968XD493ADS6UN,307
7F95V2IXY06KF33L,307
T8515JBVK7IOICFY,308
L4DEDS3V7LZGSC2R,308
4R3JPM90I536L913,308
39FDN5KJRW1TNV24,308
FU0MEPW721S1X1Q1,309
R02GY404AGRHGL40,309
99K24PGYG6U917VL,310
FUHR4830JH231933,310
3T4T404IO2YY4HIL,311
MP44QYA3OC8TW1H1,311
IMBI59O785Z9Z0D0,312
W29H6KKKGIJPZP35,312
Q51066A06DYUL3T7,313
J9U46QEQS7DLV5L1,313
45T5W403199I255H,314
IR499X2OQ9N87841,314
XJU8WO093WG72460,314
424P96J87MUNULIF,315
X9ZI80V6719V54X1,315
KSCINB8FF6646PH5,316
20T0DC9P4DB0NQ52,316
U18N18XO95W18NFG,317
V9V9Q4Y93E40D351,317
S2F55QNUSQG3W3C3,318
0ALTKM598J9Q43S2,318
7ZBB57231E80S0G0,319
617CI2K41RH9CANM,319
1O8G6UP0DL42QFJ9,319
VQGJUIH3F8204335,319
058IUB51H9C05WGY,320
PG2ASRV3HXIV0JS8,320
9W26J6V60OT8WCP0,321
Q5J8Y7PI70JHS8SR,321
MA3J11IXY8Y0QI77,321
M5SVTA02H9YYJ6H0,322
G5BOWMXM8Y7182ZE,322
2PIX0S3494001ZHA,323
W7MSMHOCL752O615,323
1W9GML9SACL5Y329,323
EN10481619V963I5,324
WJ99E65OD4N6LQQP,324
M085668T1HAJ6683,325
XQA7F55H61961FBG,325
71939BZ10J1D3A08,326
UI8B2T0E5R4X006P,326
31Y72155HZU5RT05,327
NL9NTS3NVXL4V00J,327
J5R25G7HUDOF9550,328
O767EGELA8PT6QQ5,328
8I52R5UNGGI9Q233,329
SBEX7Y0NPU167M48,329
M7ZI8QHV0HB4WO74,330
V09WFRF4R06172HE,330
9A80W2441391718B,331
X393XO04XUDP7R48,331
6205CB128LED0P50,331
75H5EGY0Q2EZ559G,332
25K3O7DN7N92M1A4,332
N3SZXW8PCD6X3BC1,333
ZEMP457D049V57PY,333
MD56Q510W359B27L,334
03BUHWU1YY1ZG5E5,334
6UL8IZO8LP8J6F49,334
VFTJ1T45O2MKNAW9,334
YF3V2N3U6GH79GPS,335
74330T15DF9PCSBS,335
76C6P5DR4NBT990F,336
617017812H9E894G,336
4N1I9N6088J4JZR0,336
N0HOS095222874SK,337
9AD2QY7L11139C79,337
406GDTT59Z9J52U8,337
LSG03HK7B20173TX,338
89AC6DDS5O8G0183,338
39W7OF591P3Y67XZ,338
XFO6KYT641O2BC86,339
39Q2N47469539EW2,339
4SY38VX26L52J07P,340
8S4313P43F7A6H3Q,340
00A5734636BPAZ6A,341
K5BX7247DMYZ1261,341
0NB87YJ0Z68MI3GG,341
EYX7PJM1MFGYL40W,341
7N185MGLEZ9R5SCQ,342
XNB945625J1CO7EL,342
EDY6387T50ETG7FR,343
O4Q4VQSICW9ZA559,343
W61R7FKG325E780Z,344
05FQB88SR17ID8L7,344
6MN0ZDY78Y46O36V,344
9P917FPF1I799U7B,345
QG3HBOAQ92011CQB,345
S3031D4301O86M1W,346
BL2S4R20RO55G5UI,346
CGJ61181GF085XB1,347
U3HX0V858DSHCIY2,347
L0H6GJS78V9733E2,347
UA4YSU0Y1L8DWPZD,348
4NL060RS2PCR0980,348
4WSVDIRD90595Q72,349
6V8Q60OV8D077LI8,349
878JS0D7U34500Q8,349
Q0DN966953V1V5F3,349
H190Q7043Y891O43,350
CG63A9D5624GM116,350
7R6ZND1489T3ZE9B,350
BYKF4WBJ06W2D4CS,350
E8D7D83NZTML1T88,351
3U0NA616167G79HQ,351
85H06D397JU861KF,351
2G50X68807P634U5,352
1123OM3EWUS783KJ,352
Q858MTG77U0QV9UY,352
EC00UH26HM2VRU59,353
I58JU0ILF3VN4D4M,353
U865B02E614M83T9,353
048UQ1NBKDS6QF6B,354
DNZB5VONTSC33GA3,354
Y62G472SZH132T27,354
RRRBP4BM147G4Z2L,355
RE69P3O9ZS47P5KT,355
7C47042X30YAY63C,355
OBF9D27316533351,356
92L9SU1UZIU7767M,356
557IC4TCT404Y740,357
024460WNS56WPPLD,357
2Q4137XO7R322P5L,357
5TVJ7EL5809LUC7J,358
37AGT9A724LSOP39,358
PH4B8SUQ3S0EA883,359
862Z7BPWUGZ2EZGN,359
GZRR8MSP254L5TY6,359
90JN9L92H29N7CXO,359
LN3T60WUQ7APB46A,360
484G038858JYP48Q,360
6HR895TT01F12Y7I,361
5V5V87V9F29B77Z8,361
Z26D614Q93U1AYTE,361
1FZ9LCLAB8LG76Z7,362
9O4KC12A9979W66Y,362
PTD2NFH9TDK2F9T2,363
6Y47T32N321EFN67,363
493FK2PH4H1V8NW2,364
87431BVTC560Q0MW,364
9TGP86KL6377AMG4,365
75O93J221705G4TH,365
IA9HO23F9S7H1OB3,366
20ZI23WR48KMI2F7,366
UJ3L9TQJD24GM3QQ,366
43NXPT81V3DH67C0,366
1UKJ12065LT6648M,367
PD5ZKSZ5818BSMOF,367
2IR6F6I69VY1B916,367
340SJPWJ7RM3B609,367
BS0A0Y07TE61G041,368
3Q9Z9WXI06P930P7,368
IL5T94ZORC29U5F2,369
3051U893661Q8QOE,369
B8T754FE7098M0B7,370
56BY4EL7B98A45JD,370
YW30LP53ZN8M6884,370
KI20Z6576JG637WC,371
FM31BBG354WE0989,371
3OF67W1Q92VZ2330,372
W680M9C38RL4ONAL,372
VM1OD6X7EJU6S818,373
PD6D2ZJP2FEG622F,373
9000INKNA6IWW876,374
WNIUNQQJ0TH5BRQB,374
X9VWOKQOO1BR1CVJ,375
39J86786JP7Y3PM7,375
TEUIRT7M809P34V2,376
F49IW05AP10GVM06,376
RI49R1K8X51CMFA3,377
059120G2O5669T2U,377
104PZLOHA5MG7MD8,377
70MV7FJ9020KC1W8,378
69T05CZDIPL06022,378
M30H22726B4IWBV4,379
C2V98X14F7A780TZ,379
I0N8917S7WNVIP5A,380
4E7AOWM3A4353E15,380
9NO37PI039FVK87Y,380
U30Y4W47L7M0A56F,381
D51D1NI170E2BV3F,381
3UE814B5J6V888XL,382
P4IG9JE73J4G720G,382
120RT38M9DUE2E05,383
2D19SSTCY8L733W2,383
W3900UKTN74V5SJW,384
2A5637W1HDT5S06I,384
Y9W3RC7DC68RUR93,384
239BGQ66T41JZ861,385
A2K09KJHAI3P3A77,385
2NDCY019J32XJ0E6,386
6BZW9LP2NMNA20IH,386
YL1M16VTO4QH7TS5,387
OEU2NN612J9GX656,387
LGRMTK6828Q73NB1,387
PJ4SLA106N1Q711A,388
G8WMS2ALJ5978R67,388
3N7RD346J4D5AQ5Z,389
CJ0486JS6BWY1BR7,389
1K2TQYT621M1OX4G,389
UE2VA7G042C502E4,389
231TSREM4EWRI66S,390
4VHM4RZTK9GG9W42,390
B912JYZB58PL2HF9,390
FWF88577W9RFB0F7,391
32K0O6463DHF94A3,391
7YKY6NA1TXQPXS2E,392
67MF198D8911FFPH,392
6A87PL9E6I047BP4,393
892APZ604T1CSST5,393
1ND436QT1H22E39C,393
352YWV1E4D3A77H5,394
I3WD6AL4PZ9FPY57,394
06DR3T8WPE701632,394
C3Z3J7N68O7F0WX2,395
UR977ALZ1S5C041U,395
833GU5U0H41G4270,395
WNZ3D064RBE032M3,396
FW7R6I8LVOX87CI2,396
6ZP3K73F9O94N39M,397
IBU4E20ZP4Y6O7CV,397
Y99422JUX4Z05Q55,398
2WJ72VDZTUGU50OU,398
RR5NJUE06103O4SI,398
9B2236G24PBXP2KC,399
63BV37M0K105NOBH,399
OL34YW9KV19YH072,400
F3UI910L19Z76I26,400
0NG1T8295V5QD35V,401
PA9I8CMVUC74GQ54,401
F3279ERT22E312EH,402
OY8WO03410138444,402
6K5D888S511SBOBO,403
IX5S3UYPES55IQT6,403
7942R2JIX0MD1177,404
ZDA396X320Y53BWX,404
01PPQ5R28GHVMX9T,404
9JA8Y64047LNJM3F,405
U62LHL37I24D26UM,405
FI2I086SD129EW34,406
C62XUI3R4T5YD584,406
VFJ1660M34U2ET2O,406
LQ21ZHP17DGRJ6HV,406
72Q7A76O1MGV0070,407
31J93UW7526656OR,407
WA440120B29SE075,407
H8N2617NU95R2PC4,407
VYFN1YT2Q64DVJCP,408
4J4ZKX57090H2IUY,408
RMW7FT5VYQV56J9M,409
FOGMQ30CS9BXV8M3,409
76T6YCB51X60FPEP,410
0UJ66O9BWT3LWL3C,410
B82415680N8TQ2ZR,411
B8N9144IBBX78WGK,411
QJKQ7S9M36EU6589,411
15BEZ84JFB1BI191,411
6G0P10TWJDFO0LV8,412
HFE5BQPOM0UOP4R4,412
VC37U99A7ZK90L5K,412
ESD13L5MF5SCK47B,412
QEWC7W94XAOC1CC7,413
LMQGCW0X1VL6M2S0,413
CZVWY6DYL7AG7X8Q,413
3893119A8IPMIF04,413
YQQ52PD3BZ3GJU33,414
SL7RKY5E2PGR985P,414
71Z0368BJD05K1TW,415
677J4H931N0S197A,415
G84W075N5JS2R2FS,416
BNFRX2Z20RHB8R8W,416
LN18809QSZPY3D31,416
SW115097WGZ6QX7W,416
30UFYI2418GYU467,417
7BKRSK70R46M703Z,417
U0LD963DML0K6V21,417
OIP48F5TB18W32PL,417
EKNM53SRC8BUVVHQ,418
8B2J02ZHSJV58X08,418
KU4P27ZU15G9XK83,418
WX9474B2LF256J8B,418
9K11H2FR3E6ZI7MD,419
ZB9S11305080VYNX,419
3GWRY98ESU5MU12I,420
8916RN1AMT70X554,420
V4333O722HH029I4,420
88B3OS5B89VPVO69,421
M0498W7N18E7995G,421
48DLLU7NW61DYC3P,421
HRZK67804L7E59Z6,422
2ZP7I4AJ5ET64Z65,422
C26EX7L746311193,423
482RC25E69YBJ8P1,423
M9V561VWOLL5ID0G,424
41555C4JZGQ2OW50,424
2NUETZ0T8V24HTH5,425
906EBZ71C54I70B9,425
2S57M48J863MWJDW,426
03690P0634OZ630D,426
902AUW501K620STW,426
BJ11G8NN554JR959,427
ICKQ411C19OM69QE,427
ERBUR7ZX64251Y00,428
17M013QOMI249KK0,428
K04WL73TGQF54458,428
CR29N0OFQS6D0594,429
E06U8L9ZZ04Q6B6Y,429
4O11VV0Y37760UNS,429
CV8UH72X8374W2VS,430
Y131LUF2MRL82B57,430
8NFO9R0PN6EFZH66,431
W7BZ2F098E3X24NL,431
047KZF29FD32Q5J9,431
L54DU92U9V33K6V5,431
V729WN1786F8A14R,432
349YI8X4PZ8DJTNR,432
Y0TMF15U5J4DV503,432
35DX664AJ36L1GN8,433
100JOS6NQ1RDW9IA,433
CZ2N3VRE6MR8632P,434
QOH6RHW6NKR93M2P,434
846EQ8OX78UR54LU,434
9JS2AMO9Y4ZM03Q4,434
46IRWEZ0EU377KWZ,435
5YK1D5753GGW4K31,435
9FU20X7GPO935EF6,436
Y3S06M784XVA8Z97,436
QGXI2D42JQQ0I57D,436
3LMR8ZA434W73VQV,437
D931GRLN6OKN445E,437
ZR17DK4NF3J25683,438
A377GYO15XS0Z539,438
K89C38O8UZKHBD6E,439
A2Z6SV4F7W0OGZU4,439
2KO7Y75YH5K7E9N2,440
5G09C54H4ELG21I8,440
M57V2T6Q01JS8DD4,440
X667FZN96UEEVT7Q,441
3497L8E90II1J59G,441
Z32227904XPF02KN,441
OQ56O6039LP01WM8,442
5XW5521P11HHK3Z4,442
6UZ55874I1KZKI0K,443
G1MJ0437Q95A1708,443
582WCG95MKY4MHG6,444
2K1H2T5G46M9YMV1,444
A4457N4Z21058263,445
D3100M93RQJRDYUB,445
CLCVLP72106EK9T8,446
0Y9C30FZV8ZPLJQ8,446
0NT19NR4576UR3UX,446
1AH272815880319Q,446
8E9U37Y3380IK27S,447
X4T8869M66X3963P,447
0A762YA5R0F8H735,448
Y1L6E0OT1XZ0YZ17,448
1ZQE42MCH774A65E,449
T3RTAQUMZG0JO13Y,449
K2A8YD5825H93Y9B,450
5OV3GFL8VPB929M2,450
4SMOPL59J9F26I7S,451
XDM4BIRW88J6T5B4,451
7E043NKJHJ8GB63R,452
553GA41FIPCF72E6,452
B1RK8NA4M827GMGC,453
703I7R6CQI0NP1Q1,453
6RC7WO60J280R0L9,454
1602LX81JA5WK2I1,454
2AXU1YTTGO5Z4WN1,455
J0F3ARI10Z4NX94W,455
70YEA3BP2OIN32IB,455
315C2V986XD0AFB6,456
5X25C63390O42SSV,456
3FH2LP3FO7CC7N0R,457
C7O1P6QVFIVC6SDR,457
672W02Y32666IH52,458
U24W578Q3NW2WME8,458
N49745147RYA2800,458
Q0683JF363212E0U,459
2G6604AC32811623,459
DN8L31BPBQX4C14L,460
1I92AGMX8L186714,460
XVRAQF0M481C14F6,461
S60V10MW659DH4ZJ,461
X8819ZM0KXTJ6LG1,462
3Z2D067FN3UV579N,462
94NGF4HBTX1K38CV,463
4FIY0P90W51T260D,463
AZ83VD17ZNWG4KWA,464
FUR1SN4A4OF197TG,464
85UELX01HTB38024,464
4BE11K8WXKF492X3,465
7E031B6NCOJDO8KH,465
C998414386HC0I15,466
225320ANFK11GZ7L,466
3ZA90PVG99KU87HT,467
WBMA9D3WEW0I4A0U,467
LHLV8UDAP6L60392,468
3932FT0871426805,468
71E80SB0218JLJ14,469
7A7R358F503FY7DF,469
U2L5701NO16783LM,470
I60W6835AEUQ5B8B,470
4UD07525F6F7G0I1,470
567653IQ20F5XL7W,470
ALJLOR5P616GT846,471
038S5IG2P0AVP34G,471
RQ1FE3T3D3XGTVV5,471
1V5E4Y0SLW65UGRV,472
H90Z2C0H8U302YU3,472
7DKW154RK48FN86O,473
470MA8512B9H70RJ,473
BVZ4P0D1E73XCKHV,473
Q3XVOJ7047B6YCPT,474
V2Z50MN201PQ70C2,474
OJ020K6879W7B836,474
23646RME8KIH7JO3,475
S3NX92CZ94RAGJW6,475
UJ7A967ET6HH9X0N,475
R85V3I2Z1J0GL46B,475
94N6RUWUC26N6HSF,476
5WJ235X7C445I2W4,476
3GMXG9OPU3ZGWJM9,476
4D60XIML24AURMDJ,476
RNK52FMVOFF9D1QY,477
F4S0ETUDB80M8SHT,477
4649JS5OGEWS199B,477
NM5UK05JC06W0P2A,478
XDHM58G6L0G047X9,478
6ZE60D51IN948G4J,479
876IHE753966Z5R6,479
YLH5ZJ84J55J8D2T,480
HP3X8Y1UV179DYB9,480
B08M06W70644IJ74,481
9GL025XSCCYL95FC,481
4BHEE6C4M43OLFB7,481
6KA59D3UH3COF8Y2,481
KF873Z34D68T90JM,482
09SP0164H6492L41,482
287071YCYJIU4GA9,482
X891M25QDUB73J93,483
1TXD54D3YH94Q841,483
T6FS5P2PB8BP25YM,483
J6473ITJS5O6B328,484
0BI09CD7E6V396G8,484
I04Y2FN441RV7P32,484
29K4L58I73G0LC6T,484
K06L9S9BT5Q1J852,485
J9TOA16T964WUFD9,485
O02AEC45GYJ6PP29,486
EHN4J0R91V72L340,486
949Y1VQA94S6YJ2G,487
890K53K6O4KTK508,487
2ZZ29277B06F6A22,488
1J15Q0MN4R959N33,488
PU7V9B2AKLV2NV47,489
941VCM42JM2G45FI,489
2PG150U8Q5149P1D,489
6WLU48OQV2V280J0,490
X2K1V6WU300SO43R,490
3Q6GVFLX2XG2H6U9,491
MQ7K8Z459Q13VEKS,491
X1WO502SLL71628H,492
C797F51ENLFC9A70,492
31DN3UGHZT4R7C0L,493
F41Z29318ALMP396,493
YM0E50Z79H9V8T16,494
5P4P4N08SWXQ27CS,494
A8I0V27T5G3KZ3AV,494
Y8YN77KG369T3PGK,495
M9RHE4UD2F09V059,495
UZ3VO0O6X6B79RDD,496
1A83Q7880J71375J,496
11BLDC61P87334T3,496
IHGIHURJ0BWBKO6W,496
361PX287TW15FEHQ,497
KQVWD1A3B43C7S35,497
TL26V357ED8M46LP,498
6WH1E53IE6VHE604,498
D4NV8NT296U339P7,499
J420IX19GZ0ZU48L,499
94Q6R92MPNT0L764,500
59ZKRIQDIN23405M,500
2AQCJ1ALR5606V97,501
66C55IS56981NIBV,501
1XA8ASV94T7FA141,502
I84KL9RXSIOLAN8R,502
1U362X0G97KE7RPZ,503
0IK632J020AB24S2,503
78SDZSE000KHPFEQ,504
V4VWEBL2Z18G1X2L,504
IX3L63GS989FV989,504
RX61R2XX9V1T25FS,505
SV8160FW9HQ8UPY1,505
1B59ZVE1E68W4Q5P,506
58FYID4L7883RYVV,506
720VPZL7J2G6RQ1H,507
A2888IB12FMR3KCT,507
N2NY23WN67G6O05Q,508
99HSLQ75Z9P386G2,508
0Z7MDD237X63074S,509
96V5696VTZZYI810,509
22IB37GK8M544DSN,509
V289T27ZGCX3JT44,509
Y25NFV509A368B39,510
J7Y303ESD2A0O3U5,510
KU7L9Z315420XN3K,510
J94O5I54AQ7054X3,510
6TPC6575O44X0TVB,511
3IS18AP250C0933L,511
19RY52AHOYW19OXE,511
8U7Z95VH03GE6N37,512
5DZ4JGXD87D093T3,512
YE8QLEM822K7751D,512
L9J20S5H314WKVC9,512
UGSA4QWNX736Z5JB,513
5Q9P04DJHTS13Y0D,513
E3JH1432G908F69M,514
BO5C38TNY5I1D5U7,514
424531T4183S2O8S,514
U42FKHYOTI5RO14P,515
69P81282Q7651W7Y,515
9MTTP9RBX8DBP6I6,516
I468I51N019549RQ,516
U25G7RJU9C04KCTV,517
069M23A2371B6U8P,517
3C904YT620H2L3PI,517
9EY2XE0M94V08397,517
JSEB3CZD5LEZYH1H,518
42KPF453P1YK513B,518
9X6U1LB240B4WS14,519
KP79I9LK6ZCAT7P5,519
1DH6V64ZD13Y740L,519
XEOY26J9CNR183G8,520
6K6R74FLOADI358J,520
5LEA6W5E17PCMM2X,521
8208TIEVZB8R345J,521
7R09V51A50075ICG,522
NXB7DQ0K12G8X7JX,522
FL0I880ZQ0MR8DKM,523
9K29JAEMGKYOU67W,523
9D67YG7S023P0641,524
6DN2U8GII3Y99HC3,524
1J5S841N8325ZK9B,525
G0JVQ245EI610CYG,525
S0TAWKTY7210RF9V,526
N6RF22P442780Q4R,526
6667YNPX2J175390,527
BZQXY8HAM1O4F74S,527
2N2BGYZ0P17PS47Q,527
VQV9A4774MKEVD48,528
6R3963V5ZP7XSADM,528
4F5G7EMR1CU26I93,529
HK3T7AQYB53NRA0J,529
10ZDBU6B6346KQ7H,529
0D13G8516EJQTX37,529
T9NPHAY21007V1S4,530
FDH81WQDJJ49STH6,530
C2ICU04P3KF2NR80,531
5C4L8EK43E6GT67T,531
I4L1XA1315JLG8M5,532
V20JQXJ09O48U43U,532
F087ARGE8I83BZ87,533
6OH6E4X416MEU0LA,533
KZ6N83CV81WD7DWW,534
8H02F3957X1V469C,534
C0AY4E2I2R6WPXN8,534
9H407Z602WPX0KPM,535
I8VZ8X88L98LW581,535
Y69813Q14CK2RL25,536
9A9G4K0RB985S9YJ,536
4P1LO2J35I862IPX,536
94AE7MPCX5702K8J,536
T2MW9YOYH8O3K0C7,537
YXS7TGCL3MW50LF3,537
96H6PB6696XQ56AV,538
963FJ0561Z3IAR7Z,538
2083665E8061SAVA,539
351UF41BVAY32EF6,539
S1043YVSVZK7BL3Y,539
9591133E03N1P1K3,539
64Z486JQ7SE8G683,540
1DQHD9E5H1555YP9,540
90S8BIH65UY6P8PI,540
40845205A8W445C7,540
WWZ5S5999P471681,541
MN83QF0138E762XA,541
BEZW4J320FU9UN97,542
BQXDFMZDN9FUM8Y0,542
E3LY79I2083F3996,543
6PVN667317N06ST2,543
I78U9J3CX2710FC3,543
AISEU0R12081PZ65,544
H6339D94IT7BXE97,544
6P1H219TQLR64G2V,545
DHQ88R6VVK1I285C,545
RP53NNSW4841S6N0,545
50K7F18S63WXA83F,546
0AA5F635GE5CMMRO,546
CK5Y08858NGT5J15,547
1WY0027P2L8UPC62,547
DC75450AA1F64KZ5,547
YK86187034TU4E3P,548
4R3U5WZA8032UXU1,548
63N76OAN3QS23E2P,548
1E55368BOT2VE68C,549
7Z0JPNEFG121TR00,549
0VXJIGOBY64A8413,550
B435I807I44ZSE13,550
XI0P3XV7SC6N8J3C,550
ZV7NT054EH5I4LUW,551
K0H3N14A3B7Q7762,551
2FY7GRB2PA2DH8DB,552
0P5LLR9O9O5H0WUO,552
CNL14P9L8167WA26,553
O4UEW235IRS8O856,553
Y78RS6O4U01VHH6Y,554
TR6T3ANC68V5T9CA,554
FIVT6MF6CFH03DQ4,554
9H4679P4E5HW0K01,555
E159OAR4S9N03WTI,555
P00VX03G81I2135P,555
N9RJJ036VU91T357,556
5N7Q7H6741IR922B,556
CG636Q9TA183P8A2,557
0204PL94N1146SLH,557
EHOT6A5ER8HF2B08,558
0MU2GKUGM4VK8I6T,558
HJT604XT2FGL1BMW,559
3EKWE263LRGHL8UU,559
I178F936YYK0I9KO,560
M1I5L0XT76PNU47O,560
70S4B3099OA2WTR3,561
Q6X35AT827Q44612,561
BNP73851XBU81C0J,562
FP70QD6LQ1K09VH3,562
63RX2782QJ24Y652,563
JS3HEPZRTHR0TUN5,563
58CK9E1G4VON6W57,564
5E6GD89240772Y4Q,564
72HPR652ZKX5K37N,565
HQ467053F5EXO4FZ,565
S53WNF3ZEKU7ER6F,565
38324QFN34VMSAR6,566
C04XUNP9791U8IS3,566
428K8K633N664WNP,567
972203E9FUQ0XI0N,567
E64RWXH371I7442P,568
P2E4B888MA53PF4E,568
KF459BC8Q7W8Y0IC,568
G5Q68C7RAK3E2S76,569
58JQD1AOU72R69JI,569
FX3MLYW3D89DH0VJ,570
5G7E5P5TT2XM08NU,570
K4714LF60427ST6F,571
79ZV3E8BC5O4RO1W,571
T7PVJYB2655I88TG,572
DA96C56K76UQS1DG,572
X24AP733719I6MM1,573
670RVIZ442K67FUM,573
LWZ3O4F8P8WR76Y8,574
YG39LS83REIUP2SM,574
400QC625M36D4M71,575
HKJ9U4U529R2C5DG,575
T36771SC0X8QZQ33,575
U7012KCO5BUM9107,575
35EI39GCXSYJM0O8,576
X5QYDX965M9SV7T3,576
35X9O4XX6IBR6915,577
K02EYGRG55PC9WN7,577
SKRNHAOJ1YPC3027,577
073K5WHDY2L5UZO0,578
K78N936PVT843X15,578
HUM0Y9ENV56B3P8D,579
Z33Y9SH14CS55EL2,579
6F51M7MG55Z6L39F,580
YN895M19BFO15747,580
TX9662DL57A44D88,580
P3623R5388AMKARZ,581
Q3BOG73T683R38E3,581
Y78TA72VS7GR49EY,581
650TS036ZUP61II3,582
L9XX9N51NRU99IB8,582
509ER14R8395MCOS,582
6X73IUI5L01CX977,582
1MW673T316QE431P,583
40HCL9733R57C3T3,583
F46DAE1WJ77V10ER,583
5OW950SCTMP9111L,583
2CQ1I228L925J4HI,584
1YL9L58736656I5V,584
7A5OLVF65SJAV8RH,585
55518FF2FZR2I74F,585
G9VV11R44F1Q6A39,586
LHZ3SB01KD6W6P8A,586
533P4B342PC49NRS,587
TY81M1O28RI9LX12,587
157L6VCW4198X2X9,588
FH3WT6CVY9Y16TLD,588
T6PX9KV54WS6BZ31,589
8193KP3J2QZO91V7,589
F1O3P6568X55NZ9S,589
K46FF05UIGI6B36R,590
016M8Q31U0V0A9Y1,590
VM861C2G70K9F3VD,591
OYNA64Q59X64TLT1,591
90LM7T5230PA648H,591
790PE14GTTRN941T,592
1V13DV0R8HH76O8E,592
226WSB71G699PT26,592
20MT9530X3Y2VW75,592
YG040G09S1E2NC19,593
O41152Y2R7A70C4J,593
838N425O71TV8REA,594
M985J8MBRZQ90Y89,594
203ECQZKO2QVWQA7,595
A3O0T3I7VO0N99W9,595
8B9013QS5SW5G668,596
78MZ276H16L3O882,596
VT30YD9DTPA2J4OF,597
97S4CT2E3NLR7Q9O,597
50VK485K590P3U0O,598
W0OS4YV972F6Q2YR,598
736Q22L49P321I5K,599
79F4NCJDD1NQ5VW8,599
8500OI30ELCNQ8LK,600
52791VD7Z3OEWUB6,600
4B2X7S3K608Q1EC2,601
T84QW345SYPR44UL,601
CFY9178NOEH967AY,602
5YF4899E0V92FJ9R,602
5E7R9NUD7G8Y348D,603
6LO60MQ8EJDFUS96,603
6N84F6SEQH0724US,604
UB8M2BGHBC8O47GK,604
FWQS6745I6NK2230,605
I373S499569HTJ0U,605
C04QU86Q664SU6Z8,606
4U4952Z0KP4RDPVG,606
GYH5D8286B7EJM02,607
8Q0QFUL382355Y28,607
V9Q17J4ZLP1264T1,608
96MQ8KZD243DO5Q1,608
09UZU035ZJT5P355,609
XYTNXT192N49F86F,609
E6C6GH0803QT3695,610
6Q345ADFL7BYC7FS,610
0PJ81BYCO8PIU70Z,611
5R96J1Y942WT9252,611
3ACM5F0372D4YT6L,612
8TE5H4FZ9D89RW44,612
05L9FH8575Q440T9,613
SAGHF26793TV5BOM,613
DPRFZJXN5RX9O6CL,614
143FYETZ6E512Z1Q,614
W6H4YAH1WJ60GFTX,615
KUD0770H4P2VH5GN,615
U3DX15M0HUW4Q73D,615
RS7XE3NSAYDQT1OL,616
7G428O252I8Y4VL5,616
2GNTB7QZE6IH1J77,617
7Z42H49V3AIZNR40,617
7B73ZMWT24U5T876,617
M9RC5C7V4O3UQYHF,618
BWQPU1H0FS3GZK1I,618
257J5L3NHKAXJ3O8,619
31V71Z3U71OT33L5,619
72TL1F6AIRR4G8LG,620
4CYQ1VMT53864FY8,620
GZUC789R0S4ER02I,621
30S30H73Q0D5F637,621
3R80LE36W0A6120R,621
07T9521TL2RW0N2K,622
W3K5D2V39Y5I656U,622
4F6446K4Y5808Q7F,623
9ACNSOK0219F28XN,623
5X7J7NNVTU79U64E,624
2L83052BPKU66C26,624
7XO3267200Z9FF22,624
8Q242CQC0HRAYTU4,625
X05UIZ6C3K789J5U,625
31I6K6M38Y626PWQ,625
DX76EE38NRN97A68,625
345WA97UB2M6EXGM,626
4M8J38O13Y8067J2,626
S161E4KIP4811GDZ,627
0UG35299CJY50L88,627
2LE738326TM0105S,628
SQCZWXFS0T1C0UI8,628
6B4PZWN4FSF2P228,628
9ET1L79AZ11ND1VQ,629
YL85061J11UID2IZ,629
WOVMNYCDVKYZ0D9M,629
LDT9K91E6B713X76,629
55RSH989024822R6,630
QF4573Q2EU9289CD,630
51Y262MUH32N6T7J,630
6LQ629XB6L5FE45D,630
SZFXV7FI2R76TLSU,631
5F9JZC9D3R50FL47,631
BB12X7SI7F9Q5KCM,632
V61OPPBL740A77W0,632
5AIC8PF2Z6E1O4EI,632
3D8LV943F9YI1720,633
664L5W6N1QYEED65,633
N06LYDRVTT5ZEQTM,634
9VWC5Q19749J8I0I,634
66K5Y8IC829D548P,634
30V7160CCGU648MG,634
T8E82685PR7MIP04,635
6LD15024AJG06YGS,635
E2P26LKS96896QZH,635
9PYK4F5H3ZQ098AZ,635
DQM7G3A1ZCZ16346,636
CZ98B5NX20840N40,636
C953F90846VJG1Y9,637
P2642NNCIO9PI21X,637
C4DQQ2H7I6SGO8VK,637
D3X945DT45MKA6WV,638
0AG42V76R7K92AZJ,638
5M56FNJ1Y0I9Y801,639
6VWW0GU77LM65ANZ,639
8X5H54FA1G0R2X2X,640
WH36C6RI3H2JBTQ0,640
U59XSPS47HTB72K3,641
6QE72HFA8RI4183V,641
0B55065Z0V2K9IQN,642
800AQ6PC4O5F508E,642
0I52YRN99IXEW1F5,643
88M35BAAMIQ1IXK7,643
59ZV042PSQH6C3Q6,644
1FHVF7ZQ87MJ773F,644
FPHK62093509WFB7,645
5OTA4OOC3WR0P36Y,645
I179AE8WE1U93413,645
SB55223E19M92N0E,646
10WC3VNKRX6Z2329,646
52PPCC12R6I905O6,646
20HSPSCZ7GNIZ8K5,647
41TM5I2404F40231,647
5M7H4N48RKE5Z605,648
08788F5V41WL4B0D,648
V7J0G1068475IN4G,649
29Q0364V302T20BD,649
73Q11VD7N79WZ11U,650
M63N609TP0JQ1L38,650
O9H88C4S642Y5A1E,651
6PMQ0278R8O04W3N,651
8IT493X7V3L04HHG,652
V37PXO1BYNV8VI8G,652
F668HJ8B286FC8Q2,652
JCC1608X344433QI,653
XK99626RM8E8T61P,653
24902580O5GD151G,654
JK59F10BO292FK2N,654
PHZ3F61WN4356F5Q,654
594HF5I2T5BFRJ73,654
AIFV1DCO376VR0I9,655
B188T886403U36B2,655
B0OLPFIBFOFJL8CA,656
GQ5KMSX89MOTQRUY,656
826KWA27L83G1IQA,656
UI139NJ5MM4SX1R2,657
6492SWCAG4ZZM6BW,657
ESLGB68IBGG922GX,658
0K7BP2D9MU0DMNN4,658
6XYY14ZM29E8W0D7,658
6CGUVCHELK89OB98,659
7WT7893279CMU22A,659
03BQ887EZNQVT7E1,659
PC176Z3C2V7K209B,660
Y02QADXK5H3L400V,660
A20S7L29U4VKDQ97,660
E6VUY90TM14I8M35,661
7FZM7OAB2R2G22M1,661
4478YV00KBG29MH5,662
XNQW00190AZ30G7Y,662
54JYVT08E3D5CXI5,663
9C8400FSD229MC06,663
GFXZLR6M2O46L50R,663
2WTBS35FJP0W1H0Q,664
G0X535052VU544DM,664
86659C50CS20N0A5,665
N3SD49864S938G3I,665
T8UZ63L6F9TGQA5G,665
FOXQ48NR29EN17D5,666
K2WP9S03MT7W38O0,666
U75DUUSG6RSQ7YTF,667
XABXJ5AL91714Y9A,667
72AZ26GR84PC022Z,668
61E1K2IM60Y3H609,668
FFH124257QM538B4,669
25X488485F90HP9D,669
S2M0J3H76F3BQ2M1,670
O141LY4RI3K20EVM,670
290CF31J42I9XL78,671
HWOAT1LRPJDKEUL8,671
A7OBYIFAU95UNY4W,672
88P758FJKG89V2BT,672
680H5S9L0AZWLML6,672
GM63V5XN4M53L6TT,673
9M9CK34692HO9FI9,673
B3M0YJF4R3Q6243W,674
200X2W1HPG3L94J8,674
2S6003L2K3BRUS42,675
5M6268Y6999N71E5,675
X49B99LS8TTT187X,675
4ZTR188D2C7K7L98,676
8BL0Y1NTWBXOW140,676
KT1J9UWK2M5IC68V,677
Y8JUP069T2Q3ES52,677
OEI27AFU9Z6CH37F,677
137C0RORZ0V954LR,678
79K20PF4X50BP1J6,678
395A8OYR7EZJSI95,679
7Z4IU52SQ27OWJEL,679
ZT6SBN8928DH05P7,680
79A112T4N80FW71H,680
PB52P83JJ443739G,681
1Y3Z4SE66E38H4MJ,681
T4WKF35Y5H4MNKPU,681
EE5X04ULN0X589B4,681
25GDRK24Q47F8MTI,682
5E7J9DA59C40P10F,682
S32V23SWUPFT3KS0,683
BN56NUG88K9R5J75,683
9CZ1Z91WTAXAN835,684
6M7IS8ZETLHGC92H,684
PE1TN6J67YMW51L9,684
5MN7CP19X28840L1,684
55R81OD5K1846TQM,685
7GLZBI845CPI7HO6,685
U8EA3X6TK3L327E8,686
D292R79LAVM680G7,686
95O77W7J8E47W3M5,687
L2O39TE98NE3JK96,687
X9WYGNIN4PY90FL6,687
SV3Q6N2RWCMD36B9,688
4QLP15KD7IEKS6R3,688
D5R9DN4Q041C4NW9,688
6O7ZU33Q12LA8V0I,689
OJD4R3PRISH0CM4H,689
P7S3O9XQJYL980XB,690
516DSYSVNO9J455S,690
PJ028ZVEREU86875,691
7IA33FA0B8057X9M,691
SNSG051SK8GBP852,691
479LK6J924W04325,692
9A57R33U0B62B841,692
5G741G6IE9ZQ4QQE,692
DFHSRV4300V576SU,692
22XQMB6NHAGPZN82,693
S9474SRF20QNI39D,693
U7I056OYW47Z2MK0,693
5977Z572GG5WMKJB,694
96AHR98749F48898,694
81JR6A1LN2NXK0Z1,695
5D29C1781R7HO91I,695
Z0GTY7B45G901AK7,695
64608EO4P4U13S3H,696
XZGPMQ6K04KISFO6,696
5J033MBZW12IT0N7,697
S8XGAVCQ2CMNTTJ9,697
KTQHESOGEVKT20FS,697
0VN9NS0L7K0LTK2P,698
MQZN2XG63D6PJIE6,698
9L3A9811YBBH19L7,699
K5PHZ96QS69XM4PO,699
91ZY82C6KD7C28HB,700
7Q791122MK6234FP,700
J6Z1W469RL86GWRD,701
5886324B2P32C8GG,701
3228P253R4WA0M6A,702
ZJ64603TQXP05MZV,702
FZG5XP13G0K9N56Y,703
YPAL5G7B309NIS7E,703
D729T886YS65S49A,703
DJ03RSK83VB2QZ44,704
783084Z1KGLX999S,704
UV5QU2O0P8G0UMD4,705
782K8SUQC6T6T604,705
BOQU2OM048Z7EI15,706
M2SJNTVQ10D3F2NH,706
M321A74TCGY8IP8P,707
8CUET62UUN0S2E55,707
JG4O7RP5VFLF99H7,708
B584YBC2Z4J963YH,708
ARYMMFG4SD25JP7J,709
DP7298O8K734HHO8,709
3UV2H04Z1HKT2J18,710
85ML19DFM912B947,710
6776J5ISKCC12YL7,711
69P99C3V0G6X034O,711
433HY43N6P2U27Q1,712
43F37FE99R63U433,712
586R1622BD2U6M00,712
0080T513HO9Q1QV9,713
J04ZIL80UKWJ2UZC,713
2J4T3Q4Y6JS32Q7Q,713
7VO7GU89G9702QE6,714
H08W7VMHE076J4EH,714
505GE9890GS6F353,714
MT8HP5C0D4U9I5B6,714
112VV62K658INZ8Q,715
L28OB49144384L1N,715
JM97E19YQ5UN6YCD,716
9W4R8TNERW9Z4380,716
5UF38Q1XPAH3W8U7,716
E285XB4F4QU2YLQR,717
P7X2DZ26WGUAQ534,717
2ZHN7X1A419GBG8P,718
PB9D28PB491MG554,718
QIG5VPK6FC21O725,719
V21Y3C0IM749259F,719
3RQ32P5NKD768R31,719
92J24578WF4O62T5,720
RGZT9Y005IF7SW9N,720
6MMNH47SE1KFQO0L,721
831A56OS92B9G6A3,721
V0IR8845S6KG9691,722
TW51IAE8FTSC1UA2,722
0QK92YR297MOW015,723
I5NTT6J5G5HJXBL6,723
3S3X1J71LP4AY7K0,723
H3FQ4499GYX67B9M,724
R4DP9J3BGL9UEH1E,724
XBQ178010P336901,725
FJ59X7Q45230769J,725
27J57724F8WA04N7,726
4PJ758N4F0JTPP4A,726
25P4M3U31053CSR4,727
5AJ3JK6O11668CE4,727
PS7Q97Z5S986RNPW,728
M0X5L1H6B1X181N9,728
1Q1G9TTI1W3H0GN0,728
NT8ZNKL81BN9H44U,729
3R8586L22GE4U820,729
2EMDOW49J4P6RV6U,729
473E28SIJ2BE00NM,729
TV119E1804LI9X0Z,730
P318D73S7U56X17M,730
Y335245DR2KHM30Q,730
2148WA4413W7XSM6,730
86U2M0UQWO4K96SC,731
H07724828BB9B271,731
N87YSJ7O28K0E0VJ,732
16AMX5MDP32NFBRI,732
WA3Q1P1RP8PIF7C1,733
7B53WP42RXA88YT5,733
7Z9039H4LLIW6ITM,734
8Q0233SXECW95Z2T,734
OP85655G07G0JE9R,735
IMZN7IS27SSIF1UU,735
369KO6K149GCCS30,735
Y02ODORQ7HFM5ZIM,736
H60190EWPGM265MV,736
MW6M1HR11R8A1JA7,737
8IVF2K5JOREJFS37,737
2244U1103F3AI5BD,738
8J17AORLR3S6O8H8,738
LR91N6FB8R5RS8NI,739
6803S5D4B754S86K,739
E9CI39035MB0L2E1,740
Q234HM7Y3HKTPBM4,740
GMK15V712TD1S0VH,741
RVYV61S3Q55CX8UI,741
DXF2A0L86NA1QEMJ,742
A7A5IB30TM90QHPF,742
G15J93359SP61W79,742
T698P3921PXG2V4S,742
D208707KE13K03NQ,743
31V80P26D7XNCH21,743
BGOZENP0EFCP5ZR3,743
UBGR4LZHFN966HOX,744
S82509Z6K9CM06Q8,744
Y234GRT0849V9658,745
4IE76HM6Q55D7744,745
93630C9SH7S61261,745
K0WA52SC05856C2K,746
PYD39A3QI973E327,746
2T256GO8U7UWK346,747
Z0CFXU00J3NW732U,747
69JP0VQG577O8DQC,747
CEHD0KC675LX8854,747
LVW92297NZ797J14,748
W990258360LFXC2P,748
AED5E44W39G2IHIB,749
B61BXHY718PQ4S13,749
0EUN13CI7BPO249V,750
CL1QRH2IO45DFWU3,750
SF5M14H76IRH51WJ,751
88F9X3819GYFU5GB,751
66LLZKMM4W6SKFJY,751
17HMZ181KNUDH5G5,752
92G3O77800I513AU,752
WKCC0H2GZVIJ3FJ9,753
WVGNOEW6411XN74G,753
7K25Y79P8L2LG76Y,754
YH9O1B1B83ER8I7H,754
KZ6NAM74L12GO226,755
30NGO8WYJ3ZYNHS1,755
W4V6Q979K3QOV8OR,756
41I4D9HM8GMD406C,756
5978H0B027159H06,756
30K9FKO20C0O8BG5,756
D429Q0BWUR83H5PY,757
624YM00K7I1C86ED,757
2SC3UN28LG929PQR,757
W6Q0P161FKYC1B9S,758
J4W430LDL21AO3BN,758
37Z5S7MR45530UP1,758
2913DHGT5C8QD5Q6,759
1UYVP22KY37W1MUE,759
BZF303HC4GYZHF15,760
L9291NV15QH21825,760
RJHCT0AN70IHUR52,761
WX014F5S9LD2TFB5,761
J72O6F36OH9XB3N3,761
S6LAH307M3DEK596,761
7WM9R7EZF6F6IZ2K,762
70PO2G4NW5117YX5,762
1JX4U7B8K96ID330,762
DP1CDZVN0P33I5G7,763
BOOJA7MR3VA55R79,763
MUFTB6M7E1D1604N,763
9PU8431E86YNN33R,764
KCL374MRQI3T16CH,764
3MJ6M7JKW5S8Y2Z7,764
53A8NT401RY8PUI7,765
8636UUG8FK9OS125,765
ET349IE53R059695,766
FYFOK2N418I87GCN,766
XLR52077A475O6TC,767
8HMLB498OW050453,767
948732WJ3F447702,768
XKDP0LQA9XO8F3V5,768
P52007PQ6135RLED,768
83222991S5O93WGG,769
H19Y75K55MTOHJ75,769
0U4LF6N25131FF3T,769
9U114MYX9HLW6K9G,769
8XV4Z9D9B5977532,770
H1R6A3OJ795Q18B3,770
DA9XPJ0G6P8CMNPB,771
1G4D18LSEN0SBJ18,771
20O028QU8BW7938K,771
V7F97B4M96L13ATZ,772
02H7253O787E5I65,772
LB4227171O302F9V,773
9OWK135ZYL1C2P57,773
9XWA45JER88G69X5,773
18TM135PU10K54DS,774
H3LVZWFU4622U79Z,774
YUKTZFZ75K34ZV85,775
H7AG2C431ZGQ179Q,775
EPIMM0804OC4619R,776
6J2NEI1ZH8105N7I,776
O6485JNQ54F2R9OO,777
H1GNBAHGE5742897,777
4H04TLS9QM9O26X2,778
0833XBC3O34H09U4,778
MJLA1X6I90W73RZ9,779
XH07SGE89960VAM7,779
D79RI0KX8T299F61,780
H5M3P9MC813KHYLR,780
NQ0FHUG6E22Z6RJ7,780
S3N2IJ115FU6LF21,781
U0Z76W6Y1A3QD2EU,781
484W6P3WRJU8NR8R,781
C4K1QKU41FNST6RL,782
PE35RJH7P7F9I2KZ,782
BDQI46A2AH4D4O60,782
2G67711F0769DX6H,783
MOB8GIJ5R608067W,783
N573DP4958GE6CSA,783
WSWW61CP3T4O7KKV,783
G278LJ3834O8OIED,784
FYHER6B037261RFX,784
K69BW1E65A85JF5G,785
WJHR26A2ELJQEIXG,785
6298F92P9O350Q67,786
5AA0E621Z34601EC,786
YZ5END70763KO76G,787
8U3JNO644212U676,787
E692WTC5DQJVEF8I,787
50L5Z4236I47Y28D,788
T7D392Q28DUNDX0Q,788
AOKTJZ2Q4QT54991,789
17942ODRH0W05T2G,789
6VBDCCD449E1X2W0,790
Q2PBF0J32L8FU9CT,790
438959KMM1O3M13T,791
53M5L9J7R7L2F1GA,791
U27PK20F6L8BHW5N,791
K14K3Q9C444B3P09,792
X6D9GL7U7170IJ50,792
9FWC9A3010XCK95A,793
6K44E2LY64RBW2UA,793
3PTYK5ZDMF4J5VJM,794
F75Y1CF46S89G0W2,794
747HW101QPR564S7,795
P4BEJ5YTZN5TPM15,795
4Z2344B1DKPXICF4,796
1C94DNAQ1G6RWY48,796
34AF2D122709G985,797
0L5U347WLT09I3R6,797
724E9N57NV29N3RB,798
Y47UX56NCPUR663B,798
13XQ1236915YE20F,799
KJ246SQNKR1EDNCX,799
06VFFTDJFF67G5F3,800
C9NY0X93YVSA8ZUB,800
3B235L53M3O5L7S3,800
YIJD70W8W6SKIXXX,800
W3B6316LNBEOY70L,801
L7KT1078J12F0975,801
3250DL6579K7VHP0,802
WHVKJ4I901BCKV73,802
3MH92ZX96F1I3H84,803
Y258QSHTT262A131,803
BFW45LXP43S1H430,803
JE9AY3B8M8W15482,804
0004511937B0XO5T,804
9F70W8TTP8OHH8NW,804
KHU62B2WR43BA8UQ,805
N13BLX8L92D1K7IC,805
UHH948S9J4RIPJ9L,806
Q9S757S1662X84X1,806
39O0FCXKT9L14P1C,806
1CY2KJKWED730M0X,807
P048APL4Q54U63X6,807
6VOQI8MWHKHIVYUF,808
02J637A0BY532S58,808
VYBI4YF87411WTI4,809
AMD85YHM570H8Y2M,809
XT53EE82I713390F,810
78P6HUH2LLM41M52,810
K6NR730XGL6U0496,810
K5A8YZX04SLDUCK9,811
29BYZ31L53412TK3,811
3Y67135FUDIHZPRF,812
U4MQGO6V91FX1DNI,812
63Q7LICML3C3FDCX,812
R058FBJ16JNRJH81,813
530C5T7Z5LQHKJ28,813
9XVJJMRK3H40CY9F,814
D2Y8NW19NGV28CJK,814
5XEI5JXDCZ7NAADW,815
H7F2HQ1ZI77L4802,815
369VW4L19C5A514P,816
4B43UNX266893IV9,816
27P4CET6409286J8,817
9446W62X11YYV88K,817
4R3P0MPMTYQ52K7B,818
F3JBN1616Q29944H,818
49ZQB70B3884B140,818
T7P0XTL8HP0767SK,818
G8AT89J1JU728R0B,819
2XI1LMVXP1TJOB5W,819
93149T20141RTWIL,820
7Z801LI3IUY45B67,820
C0JQ7GV80780S26W,821
H3LWJ03T6K362T9Z,821
C08OYL218R11908J,822
K7334S7U0H2UT7R4,822
7367UTW57QXTDRVG,822
I6B00N2F5F46450I,823
4J5T3G97Y030PZHP,823
D2L58280SJ79790W,824
0079ZJPI6GK81741,824
48XKY471HWZ3ICD2,825
4YQ9TSCL2C8X9V49,825
I9FX8Q2TA303E248,826
L32Y2IOC249E81XA,826
A86JL12B3C7CLX84,826
D3S1A043FPMZNE67,826
682QNE8P65746BQB,827
80GCSE9KS3NEWIVR,827
R35023LG8A3195TB,828
70G82PD0ZD3W16LX,828
ZVK1JR5ZBKGN87XI,829
78SF19R7WRT7MM3L,829
175B05Q0V96FH6U5,829
O89GSIF959RH0068,829
O292N4B7F8UQIGAX,830
CV24F641683J511M,830
A8912NI95A813FLS,830
IV23S71DN57346A7,830
D9372V059R099X10,831
L3Y8SL8S2OKWUUAL,831
0UBHDU7DR0CPMCHJ,832
2Q9X11N4KQA2B736,832
H4EJ93J0Y1YN6II7,833
0NPOG8793GG960XA,833
Q5J63T0BV6T90BY7,834
16XCJPMOJ5BE56Y5,834
5W89C58U245ETCSW,834
M8E9SCLL9451V2N3,835
18302421S1O4KI7A,835
D9KX16O6RW9C6TTI,836
SND4SR862BNX6L38,836
ARD7EABD9W6U62EB,836
P76U13S252DX7X93,836
VMSRZ3XDORAJLPJ5,837
WL7SK2X74UB94YFT,837
Y4678J75579G79H1,838
7BT7F045VGC2PQBM,838
012Z1233BFJWO0ME,839
VD3U8AEZQ863RXG3,839
Z9B6C6P48B137WH6,840
3DGPE65XF5R9ID9M,840
RA549J782058AV0H,841
X7Y868MA44SU4436,841
D5910PJN54X5HT48,841
LH21F63MJJP81K1C,841
V7QJQ97ER1W5MA74,842
N99J0KVEF107981D,842
3JAD0053AO376TX8,843
B72184Q8W40620U6,843
SAH2E02K96GIC5F6,843
IBV7654643Z7MMSR,844
OM7O2BANB15P7UI9,844
525O9UCP9P2B5882,845
MF99J1QCF241BU67,845
A2P0Z0MZ2I45LTR0,845
12LC6Q4J56A2566Q,846
637BO476FDHG5YIN,846
6ZHWHI23Y73V64F4,846
B893SOA8HJYY623H,846
SRDIN6R77AH7XGPX,847
04T0P0JBU09CVQ52,847
D5NA35JVA3O7Z3PR,848
P88A72103ZE1V19U,848
11662S58588T3AX7,849
6TLP6WI09V114J5C,849
XLVZY438L34LG162,850
0T3TEX95HZ125JTO,850
7373R6B7U20K3ZR0,851
G6VKF1V9PPZ5OP45,851
379IIYV1E4NCN712,852
0R41UF9X24F178P2,852
U3AUITXV2C05ZNDP,853
5U2486484R21O0JG,853
OLOM75L52BW1BQNC,854
S637N1361S39G66O,854
35WB996DTO15ON73,855
8MJ1T65854OT5Q76,855
369G23XWA099A1B3,855
35WYRARO3O44S03A,856
O9NQ27YHR7S841F2,856
0M78CPK3E1U0V5BE,856
ZHWDHS3D15031ZXW,856
M2MWKR5636IP0L63,857
0AZXV8MG8LTS482Q,857
242R004QN8Y0W987,858
HM0QR824B0Z1P807,858
20M4TPHL4AC1F88C,858
ET154FYV69H6JPF8,859
4702GB5QATYF862D,859
G0B0762598N5B6N8,860
6XF822TT916D97QT,860
L9X8Z6C8VL1M6O51,861
1Z2H0FXKWXM48N3S,861
N4U73L9Y1T9452NS,862
ZF52Z0T1U4N3R832,862
3754YD89043QDJL4,863
FP6PR7Y00M38V1V4,863
9775UN0BGN1T59LQ,864
72I67Z8N7YB14L9A,864
IXT4R514437FQ022,864
9CVNC4WZ0102NDXA,865
60Q47ACQU7Z3IHSE,865
02HM3IVQEY164DZ3,866
5F62FV147M3MEJK3,866
1BF0ZC1QYQ7WQ40N,867
6PB0HLS320A571H0,867
VA62I897IX7WJLCF,868
882L9W7697JNUH51,868
61J5GJ3094AEC9X6,869
P65068A1Y1L189PY,869
UOFQZ4FY862691Q8,870
6C55727231H1C3T2,870
1JDZN7A83KX700O2,871
38LN23YBVU35X74Q,871
TW4V5CS3WP374914,872
95PEB343B3C23CJ5,872
R2X6622WT4L8A612,873
9LZB19TZS52BTTU0,873
4ULPAF97H6NGI43Z,874
JV778705KYI7GN5E,874
TQ6U0O2103GZVQ3E,874
1B884IW975SOW3QT,875
933Y3V8P153G6KNC,875
31532Q204RF9Y44V,876
M0I036IR10OPG388,876
SGL87CUZO1L2CFF0,877
H162IOI75WU37S33,877
K69RN13KO4I56864,878
IXFQ8V89I3CHD483,878
4V49KBWWF7C3JWFA,879
5WQBVZM909C71Y86,879
711BWJIAYXKP3BB8,880
8B3FV9R1O61PN133,880
5E1X11483L35EL37,880
XR9T6JEZ5Z855601,880
N3UB13YD0DJWGMUH,881
U84FL2OU82HCOT28,881
TEWXW5Q1T5C5VI7E,881
5LR6HFS1L5692188,882
7G68O4G48FR6CMF1,882
HJJUHSZXN02ZF2Z0,883
2LO87MU5D2T3WJB3,883
BB06TGWR5F394189,883
Y8828MO2509ZB718,883
U7I22P3Q07L1J7Z8,884
UTFV2P0R8A8XL0YS,884
9879072ZHVC6BPYE,884
3A55KGY46RE33IFQ,884
G779Q2C5187S7DCH,885
CJGW193CMH0854E4,885
2JP1WQ070E15X2NQ,886
376J7724238A7423,886
Z96W20YR06U5MZI5,886
816FISZ83C5PRB21,886
B6I52EHI842APQ58,887
3D5O0DI9Y383275Z,887
S9660YI33HT6HB5Y,887
4QE1UTY7HR393D85,888
B6Z3GAU0DU0DRFCS,888
Y01C0NH5665T58P3,888
23C60PYJS06OX0XI,889
OPQ2863IJR8YC3Z6,889
Q2044P59N9XT09R0,889
72M4471792ZWNID2,889
I3L79EGC80178I2R,890
8F06996X7PVIPUOS,890
BTGP205DYY3WJJR8,891
H04N9QB1X0R7OHHG,891
C0Z98N5V4SB9YTUW,892
6K165JA4133GI4WT,892
N2S6243FK6XM5PD3,893
I16HVJ5Z6Q6HI0XD,893
7GF67WHGG7T95B4F,893
UZ19H32K1CHI6X0O,894
20IWU82N0XZ54C83,894
17IUWY3RC74324JQ,895
ZJ7419159F43TM3C,895
3R26RM0GG10MK7D7,895
R38E5AX6PX52KD05,896
5S0GD330Y70GO955,896
ZA8Z153KP753J2I5,897
53T2PG347261S338,897
KX0M2RLQQIR21WND,897
28JG8AO48AX1BAV2,897
Q887LK3EQC358I6G,898
Q9BM65IY6KC6E814,898
FCRP3Q5FFO1S6I5J,899
SQ20S83I97BDAWJI,899
598F7A34708LC072,900
7209SR7J7ZJ618SV,900
ITT3530F60P2745K,901
J9X2QD8LCX0B4G36,901
28XL6X861RQ45P1J,902
V4R0RCD6HZGQ63N0,902
8329O47V40G1S3D8,903
ZQ226PA0TLT5748A,903
5L791EQ358W6TS30,903
YHO19WL578F724ST,904
M9VC5W8VSFGBIQO3,904
J7064F3C88FWBQLI,905
0UKG4AQBAG974O3U,905
56QRGCAGCQO37HA8,906
C05L77U8Y1B24P77,906
0JZS0AE862B5E246,907
I57T320LS86NO217,907
GZ4VL189VIZIXQM1,908
H8677NB0S5OBXVF6,908
J2X72137A30LA26W,908
P3GV3G3757L8205O,909
H3IANHNG21728X21,909
DHGWBU6CS947G76P,910
P86CB6680DN9206Z,910
ZQP1E7428D44KSBQ,911
ZXJ06O8N64XK4YQG,911
ES406O54982N7966,912
R9O2T27WEFF9IJD0,912
OA0K10R0Q9J77U8U,913
4I1B4I2K54BY0G6F,913
8KT7LF702EE18857,913
V38R7V843S749411,914
7EH402ZJIZP7IF9T,914
2Y06LKJ75772B64Q,914
B57S0L28Y9YS58YT,914
M8Q208829L5ER4KL,915
23OY82A7AMT14HZA,915
5D9VM71L3O4ND36F,916
ZV13UEXA1P9715B9,916
M1R47F0X50474BR1,916
90TQFTP9U7MBZ05W,916
Q0J1KF8E3N44740R,917
O571E2JSU2LZOOG1,917
MDG0NB24FS7V51RH,917
33YX6P97NZE8F2KY,918
4B6207402N2D4779,918
SLOW1Q5I07L8N6K2,918
8Y9Q0COES63HK72B,919
NI419VH5CU4DJ3C8,919
3325M59UN1MJD31J,919
58H03A69A9UZVF67,920
FG0H41FU9Y46RK4P,920
C7QUX0W9VT9A8CN4,920
451FT47NL6X5MHLI,921
7O84H969D785LQ04,921
G5SWQ40V8H95R98U,921
798CA0H22RJYK838,922
X1L5BY5R414EY4G7,922
5VS1O8J435K64R5Y,922
C94WQWS25H2I6LS7,923
85404FH70AOM2THN,923
U81K7E8A857D3V68,923
395F93K4Q806IWAO,924
2JD3466P095RN2I5,924
Q66K30L268L2X1CF,925
1R09S15106CSA8GV,925
V16H5DPDF18D1509,925
QYZSE4509U0P42DW,925
96I1315X4HJI75X9,926
194U1O21FS34SESD,926
0GUA2B2HHW6W0K82,927
0Q00552362YMYGRN,927
CQ522728WP88V0N8,928
K439WQQ8D229M706,928
G6V85HG8959MP18V,929
248A20XQ16OEL852,929
8D10Q84T4XE0R7YV,930
MCL43C68LY8I3I18,930
9Q122PC0A1Q8B860,931
39889S6785UMGSX7,931
QL75915ND006HLC5,932
49I4C449E4LW3705,932
5BH214FB011MD3Q3,933
X2VOOL1Z48URRVTO,933
R1628115K7M602R3,933
X8Z9K21TU20669A4,933
5UHT227AM32V38YQ,934
UMI7LKP5G5K0GLL3,934
N0K37B39928BF102,934
9ILJGQ6L5Y880U9Q,934
XU3G854K051SBB4J,935
8S3Z20L5S0Q470RQ,935
6G6X61QDFB3XD4P8,936
TR62P560U142FLY8,936
7RT3297S4MV1VMTG,936
8TR9I7637OI19L7H,937
0489QD4753290PK0,937
695Y0CY58C22W0X4,938
R5XVO3UBABF1S964,938
9L1O86C35IDNOYNI,938
ZZIPVEY3NX9P08QL,938
LJZF8BWILOOJ2A54,939
YFNO14SSLX06WDXE,939
ZK3DGSGIZAY98XT5,940
PMIO2M0LWD2SE2O2,940
BL24MHPD3614BW99,940
8907Q8F21734TWQU,941
3O65K5430N5204AS,941
2KUKRU21F45K33NC,941
GR91KI05VN9TY588,941
U3MTRPI6D0M9YC0K,942
U2Y55556HB44HJ18,942
5DW4FP53FMC0Y537,942
9H6FM5E54VV6PPD4,942
8URI65B940764620,943
ID6V988A28K46M3L,943
7RB90CG90Q9F7S46,944
U0LEYWA1M541LE7H,944
RAUG23JU2Y5TQEB4,945
1IG5X911WSGXL43J,945
HHPMM28YZ2D106F4,946
TF317EOEOGR1VKMS,946
876J9IYOVSNHQQ97,946
23PQSIOI93MO821D,947
Z0KB339Z9338630D,947
QDNR4857XP866TVU,947
81TSV7EP24DGU1EM,947
54E453OXR1SL9A12,948
P1R604Y2WCDLAG3G,948
U3SREO730LM75FS1,948
18J05WH8N04AL2R5,948
W24VV479ND5J5NNP,949
020T0X51AL009RBR,949
AH0O7980ZR3774GK,949
2V7CK6V8L8UF4P02,949
UD3U568Z9960FC41,950
FO243H5BV311N41B,950
94V5V4F0UJZ9OE9X,950
8KA6OXP2E2S09C11,951
QCC413XO152715TH,951
6C3NZWAU6CPN019S,952
W8ZFMS3A1KHN2CF8,952
010W77E8S98D117U,953
61J3104B75IO95M7,953
VWF9LE32P18D527R,954
8E1KF041UA6H419X,954
ACJ791A9764640N3,955
35073287UAJ61R8G,955
492K8CSR55552725,956
3D2WO7FHP7YEBB0E,956
AKOTVX3091K2FHH2,957
2LRA158IOS3LPY66,957
IM22S19OQ8M6Y37D,957
N7KJCJ199WG67PXD,958
AN216SNWNVTB1815,958
87Z312M8H110MECF,958
A2BNE7J0IB4VBF41,958
W8BRM9Y3IV3ON685,959
4BFH2FNV7G7YD007,959
62M9T161BMWMMRPP,959
7SL29EK878MKO86C,960
89DH80G9T2XI01Q5,960
2V02573639M981B9,961
PP9323535S74Q52P,961
B51S3B4664RTRY34,961
99M85110UW19N791,962
073M4P039TB212W0,962
6RZKI2Q00200CK1C,963
4014X0UC5R9E73ON,963
6EZQN3NQV857LA83,964
L3WI7U7P49AHR0I6,964
ZW42S89B53498103,965
08BME0TL2NAHY0MB,965
TGL6OK10OHADWH1O,966
2VC06UJML884IN67,966
0MWBI530L304W544,967
M1B47FY12L88W210,967
I63XFB5840BMS66G,968
LX07Q42I0Z4185W2,968
PXU125777Y3548E0,969
319H35VOC7Q27ZN4,969
0U14H3834WALKGQ7,970
V763C809N29KOTY3,970
74795SL6TKC01CY8,971
3MX3UAV283ZSJVG9,971
YQK885251WR8R311,971
702Q2RKFQKDIO2YI,971
88V0IAY9B7M4TNLN,972
V82O7W1VK98O8352,972
EPORLJ0ZS44NOJD6,973
8T8GWK45HOI28595,973
M7A7Y24V2Z8524BE,974
32JVS154NL32TI2S,974
P02WT1397YO5443E,975
9F6I73T4I4U2L140,975
2JXAZH1SVW38JEM8,976
09BB5P4OSAVF1Q08,976
5U6OMU0J0IK840S5,977
CTJP7TSWYJ4V4IFL,977
W022I301925R6IVK,977
G4P3QXB26NO2V3S7,978
D83EKCK42YL8NPR9,978
064X933Y0RT6PS72,979
C789QN7C1982WVX0,979
78C0H10H95HGLOM9,980
DA1Z75FE102XN5U6,980
04S07OKXY4R14D82,980
0705LQIY7KHEPQU3,980
V3F5OZM2741FX643,981
S1F56VFP44NEX3P5,981
9P054I788I85W4L3,982
O7DA05E03P8D3118,982
YMI941S6AMP90G50,982
2TBDG0GO353W856K,982
R89UA2MM6UH79639,983
6M26L019X0QE87QX,983
24SP47HO526NZKW1,984
092340891O583BQ6,984
T4410CN6IAN30OV0,984
P0QR940KM3O284Y8,984
J3D5RZ7OI131627X,985
092ELNO4TZ4SZ057,985
5BT46FPB3VT5QKQU,985
4WE574C51180328A,986
M7YK5P6LZGPX7S25,986
D0P995221X876YJW,987
3T1S7Z29OS4H4O5T,987
16J16UBS64NA7PRN,987
9ESJA555QY9QCSZE,987
96HE144E23X34M0E,988
J3SBC8B76M2MJ42J,988
H61C4298TL694608,989
5EX4225M7NV11S6I,989
2HMXF78WX2640IO6,990
F557IAJMD61250O7,990
R32BAOJ241L04NR8,991
4Y7S2349JSZT6826,991
IRBE66U14N740HMV,992
40Z0NUL5UCFCO9LM,992
29XXB0BJ15J911MN,992
O72375921T35TVT4,992
B1BTF336XS0M32BP,993
85F9NTMEOC1V9L2O,993
IFXK2147QVS6PP3D,994
8UECJ2OXD9L2K1U5,994
I533C232C0897VW5,995
09B2905RAZBTAH7C,995
B57CBKHH07NN3JE5,996
734K85NBE3P75ZH2,996
91863V33T7KI4L9S,996
0AVRF4W2W5916130,996
10H1U95J8ZWQ3476,997
GI9732JKL0F6IWB7,997
6ZW4481970DMVK64,997
98ZX402BKKF24I6Q,997
3HDMDW25QVUMT0Y1,998
E09FS8LNNSUTP9QQ,998
H56255EDQ8KFXZLI,999
9V71V6Q17887XG89,999
N203ZP3NG857148V,1000
837BP5CHN457298X,1000
1D1Z9UC0JVR28713,1001
F23Y9D3I5886WHV2,1001
I2S362Y22HF71179,1001
930P817S54N46L1F,1002
8M87W3TE8C64829G,1002
C67T55453HR0XJU9,1003
83Q0V94WARGGX7E2,1003
WR2G067GG305V0NE,1004
J239K26AB7OUMPF8,1004
U7OT4D27E53B3045,1005
4KZR6V39T2ZB12EN,1005
F2065QS688YEF451,1006
3189RSC88NUQO3T3,1006
08GR37J3DTMZ264Z,1006
52X9GR0458A64B9E,1007
9LA8FV16JI1A0G08,1007
OWQE198IG2F30M55,1008
50951Q1URLRKWZ50,1008
62ZH90ZE3C3Z1E9Q,1009
2AH8W8Z237Y6K99O,1009
5I8AR5717YAZ289D,1009
VHK715D1AVF251V0,1009
V6V9WY42I19NNTEV,1010
Q3LHQ9X4Y3843AK9,1010
174842557N21A0T3,1011
432YSOK054T8MB41,1011
0DV91RN686Y459MS,1012
D8S64Y460C7U4327,1012
6OZKC43N0CP1N00Q,1012
SKEG5X7305E2MM29,1012
HN2V047LIDDM2471,1013
50YD769KDFBYZ12N,1013
10M223X46NMF7E94,1013
P0QS8509M2F8JR5F,1013
7KB047H0R9M41X7G,1014
J0Z16J2H7KO7U2D6,1014
RS9GGYJBGG67HP2G,1015
WUL9O70ZX20939L6,1015
X1F98E7ZQ3PB3W7J,1015
5FX33768ZMK97W07,1015
VX18518G59JT5AQP,1016
3918MJET03A4864I,1016
2615L14BPXH6D24Y,1017
B9P882RS9FS7V4H9,1017
14K7C25YXMV5Z4NJ,1018
871X5UUZPI6D48E4,1018
8N108069Z229P651,1019
PY73X23OV06X22NV,1019
F4GZZ93WL87ILDAQ,1020
5RPGP2HQNNI22ON9,1020
PY59X6IYV6T1KI91,1020
3A4451Y992B74BQY,1021
QWKQTT4OBGM8D126,1021
IULAJ8T24D4J9A21,1022
LNXDAQG0EX2252ME,1022
EB79N58YV3HAX6RT,1023
Z3R4O5SK6394C2YO,1023
ZF74UHK9AEIX1APB,1024
2S4DY5R96MS2Q4Y7,1024
F92CK70E1FOX75HG,1024
7I01XA1107O9233Y,1025
IGY4QD2XB4QU28I5,1025
L4389NBQ8XS6KAEJ,1026
0QRTJULB0EY688JG,1026
I0527XU5ON25OKIP,1026
RKF8HX4SEPGCY612,1026
JO72W0R44E8ESWA0,1027
99VH5RO7S461L4CG,1027
0X0L6M4YGNAHO9OS,1028
10609G60X73Z8Z4R,1028
V44HGELP90P7NV8N,1028
21GDS9M2U2Y7H0FL,1029
CXHZDQ013J2BTCG9,1029
F17C2CPH2944137V,1030
8082R4V625646JXX,1030
DN27R88G2SD6J769,1031
20372QV03DG4N20V,1031
A640J10RFLXEWG51,1032
5OD5MPQO08KWG2KB,1032
BY0K8L66F97B2K61,1032
1F65B58890132M25,1033
15ZL09D5VUT8NGFC,1033
B2YO7RGK9MDB3LI7,1034
Z2JV48912548XHY0,1034
U293Z9BA516878E2,1034
32639J4JD83G70ER,1034
5PO4550940X0ZZ1J,1035
4S6LM12P7U9LS4TE,1035
20BPP91O0MP6OW8M,1036
5F70X2010TZH7NOW,1036
T5528Y4N8H1A98V2,1037
PM90G9131499D665,1037
X23K244V51I30J8T,1038
6U6V50J29R5VE7B0,1038
7HJL1Y7Y06JP5I5X,1038
1M83E1992170S934,1039
8BB3ALHPWNN34681,1039
V16DORUW660KGD3I,1040
ZI365D31TDL34L72,1040
TM816CZ3860586AY,1040
PJ34YS7O50Y5IT22,1040
6Y6VNLD04Y9788P5,1041
E06Y3RGUU6O86UZR,1041
6ZAWF3SFH080DG6Z,1042
MA45034F1H0SJEDV,1042
9D9U9190WGLPQ850,1042
791453T9IXIK0HRV,1042
55PRT24TQ23V9FFK,1043
38H19U349DLK6RDJ,1043
R57VYEDM8X86M538,1044
L67653AKC3Y0391K,1044
1CF9S9V49J5L2BK3,1045
H445TF2M47704KU2,1045
3YA652U6R5I704Z5,1046
057JCG6UK7U28Y6J,1046
KM7Y62Y2154655LG,1047
2ULC011M7Y0H0KN6,1047
ON9416Z7Q0DV159E,1047
RA9TLJ124T5D814C,1047
5MXW1Y28OGJK0XY5,1048
14783H61Y3NHT532,1048
WEM60FUS0FK413LZ,1049
2MFY583N97OG0423,1049
3H9DQBT3Y18VCQ09,1049
KQNQT66V81H9C5Q2,1050
72A131X89F37Q9XN,1050
TW2Z4K6C5WL9B1P4,1051
JY64XWFH4RY4NMMH,1051
4S3AH3MR85PGU1D5,1051
41NMNGYZ90DHL056,1051
M97P6LM03TI34RQ0,1052
77H804576KGH43R3,1052
SJ8IYU8QH434U9GG,1053
934J11XBY70J5WB7,1053
2B77E556Y9O5QA13,1054
15S2680K9RK8K053,1054
6240L123U823562G,1055
7653N59P42W286S7,1055
8JU3V8EFAYYIP7P1,1056
9X0N23RNFE3VXG4M,1056
QL2EXRAC3VMA105A,1057
V47R14BQ40N1C057,1057
33J9GS8BTQZQFJ5X,1058
7L70ETXLY863986Y,1058
O0AU6X66J81QOB35,1059
2P2R86Q1837555EO,1059
LF7D064KLO0F09IH,1060
790PL51S1341HSM6,1060
NK82HT385B4061K3,1060
X181U0LX35DB1806,1060
4JDL1HGG91895N36,1061
12P8PY8E8WC8P179,1061
475B1EKL8Q1A71ZS,1061
4ZG2ND45KYIC97HQ,1062
69E2JXTQQ81GVFKU,1062
1A95277DS9M63987,1063
HHAF9IAF9A1L1B26,1063
85W621577Q09KXKY,1064
9AX41F9G216JOGQH,1064
2DE3S7UV3DT47042,1065
OM38513678OPTXAA,1065
V2CCM4Y746F53591,1065
EX11RYDI8OI91DTG,1065
WNJ20WS46474Q225,1066
3E808UO4IBW6P3Y0,1066
VC84971XT97F51KH,1067
13KT6V7H650U1J2Y,1067
S37OH35A0VZQ15BC,1068
VV11CP566RZA6SY5,1068
H110R0I0K693C1SW,1068
G91003J9X4S12VU5,1068
K1C6ZG6CL206Z6N9,1069
65T5XDPWW29LUTNY,1069
28058P8D75SOG91K,1070
XMUUC33W6F79CVX6,1070
2D8LXOZR5V3CDKFE,1071
CC5D49SQHR9ZZH7N,1071
0Y5V5HEK79K0902Z,1071
UMJ09M4W44GIFAE8,1072
CT0O1539K0900WIY,1072
16V56O568IT639E2,1073
635C59W5IDW9N2XF,1073
LFWKK94URQ089677,1073
G0U8X9C7EB9PO5L7,1074
H8U6YD60Q3WEREY7,1074
SPK9Q566K9V91E14,1074
II40D5179G7756S0,1075
88Q7623ZW74L5868,1075
A35OYW15G5DDW582,1076
NQ7Z3758G10T7KBI,1076
04KJ549EMAKJM5RP,1077
5S83FUIT4Z7PAD59,1077
1I51029SX2F83Q4Q,1078
8QE9U8K2GY114DIW,1078
4W16A5Z7PMA718FV,1079
K4A3O8HA76494BI9,1079
VNC8L34JPH25438U,1080
RI2SD0A5O346WXLO,1080
3801629I14195Q9C,1081
LZ9D06633K71JJOL,1081
H52O8NKX9K88URWC,1082
4NV7S487G0029QDN,1082
L1ZH4D1655285XYP,1083
847L9LM86O3R5R82,1083
A6066L48130N31JV,1084
B809GUR9462LQ9IE,1084
40N6CCWPSN9PBLX6,1085
5N9HKW09TW2EVT18,1085
UVLT2604Z2226861,1085
7EVJ9CAK8WMS17VE,1085
T4T40O07XJZ332IU,1086
0XWV0QR94S98I2B9,1086
OBM0B9R7I067W6S8,1087
0W36DUTT4930MF9S,1087
0N8W7DFCEG5QG409,1088
98AXGZJ3XQNXL2L5,1088
TUS5FK4JIK56O03M,1089
6099V58XMC659C7E,1089
W9R87MEU38P018Z7,1090
0S0U3FU6DM6VT0T3,1090
9G43662I3BMH4GV2,1090
9GO3QR50820FZF51,1091
8N5N394276XQND91,1091
14N54L0C10GIJ4C7,1091
YY82OLLY92TY6110,1092
6T48S111N9348XR6,1092
FB1F065S9T847H9F,1093
90PA9M86JGW118EN,1093
H4WVZAUOMDEZE5LL,1093
TF03C9344JU6448I,1093
1SEO7683DM12MVSJ,1094
N39826SJ7C9FX549,1094
41HYL828KHZGPE9E,1095
24955MJB1K13KHT5,1095
LH59V5U75TOS0DQ2,1096
45K79OEO5P35C3J8,1096
JHG4199S2I76XRU0,1097
428E97R8Z64O54X1,1097
6843RPWSBB9R0IH1,1098
1EG469237HPQ91FR,1098
G3M9FP8JLZKKK531,1099
6R1EKK00991J9A81,1099
UJQD32Y6N594Q2FV,1099
9610XWD4NVL70U8S,1099
J2GDRT7X46Y2ARTB,1100
2X0I55FJXF9158Y8,1100
VZ3464JBV81DPOVL,1101
8U1J4Q4Y2LYES1RF,1101
26NC440YT41R6AF5,1102
391429Q3O974E621,1102
3Q2Q206ZR35GNDYL,1103
8K37BO30F4KTY25B,1103
5L14849IM0H93N69,1103
4L64JLG700I3HH65,1104
0ERNV5Q4B447HJ15,1104
WI701CWGD9YM9CI7,1105
S2408IN76L5BQ583,1105
7Z9RNGR39R6D4OUW,1105
3OX3HLR924V265S0,1106
T14B129UP8V19MP4,1106
GI59588268EQU57M,1107
O9ZVI9MC312EC6O0,1107
H2Z9T7ANA1KMW07Y,1107
1666Q338B909954W,1107
P22MS65H7SS7P17J,1108
VNNKHF25462NLYSH,1108
AA75FG9V5U2HD7U1,1108
K554Q36POHA996L9,1109
Q65422YLV2331VF6,1109
6A7AW3ATFXVEWQX2,1109
J0684A2PC73N5204,1109
6H9BYQIZBI260D00,1110
3Z5TQ91MW9772G8L,1110
Z4M8X29FSIS5U813,1111
60MZ7IG7E760KLIY,1111
7S98JWMHO0WEF993,1112
3P6K4I6Y9N845BIY,1112
67C75IT1QATLU0A3,1113
4XM20L9KP7WHYRK1,1113
X9T7QLZT02PX1YW6,1113
DR86X33G23E672TF,1113
S2N2XSGV22HHJUR6,1114
Q699HA25L4K91ILL,1114
9GYTF510M552W9TY,1115
28UUI6YMCWA13JEK,1115
O88R1NJ650FBG861,1116
2272136BS540M06C,1116
P41TSKBH1081ILE7,1117
52BY0LT40M640BC1,1117
59B2LDOZ74IC163I,1117
IV4A77F1MEZSWC05,1118
84C7R62FF52A3LA3,1118
F65XN5J49GC6P491,1119
4Q02H8R9S6V84349,1119
45IRHM9Z94X8F1X5,1120
PZ450ES39M49R38D,1120
B710221RG8QWFT65,1121
KWD610P12BA9D2N9,1121
D4U6J5PSC3CEO45Q,1122
0XZ781JKNF4DF33E,1122
9O3JH2R0RQ6NEPRM,1122
33DN82ZNM9UZ4R0Z,1123
W096T8MTYZ88H5WU,1123
0WF7242EZ41XN3KE,1124
0Q492O208A8GG2G9,1124
24BO49S14J1MQR72,1125
U04OER1NYIXUA2E7,1125
D6G71JQ8B1AR4OHG,1125
VOI8G1T7DW4BG3SJ,1125
H4DR3V0F0SS69D43,1126
664V10PE84NP01W8,1126
N7Y2190FT82L65BB,1127
2M98V46OQ2WZ05P0,1127
RJS98I1464863V3D,1128
YY3W7MQJI75441GD,1128
90241ZIGM8BO0160,1128
19W6S9IT77JLAO7F,1129
N5G5E2D67299O61E,1129
13673HE3SWUNT4G6,1129
Z6Z7UHPZ84W930FF,1129
3RYHXTD4J573V99D,1130
4WZAK30HDDPA9Y99,1130
J3X528GTFTFE4Q66,1131
FGF584I056RT5949,1131
V1RW1V38JPAYJ7F4,1131
6X2BPLRM5HPJC8U3,1132
UG9GIDPH1SAZ9L66,1132
YH4QZ861D232VQ76,1132
93I91E16X155N59T,1133
91ZH9TKRGOQ6MR74,1133
9A23O969PNYFZ18L,1134
HEDM1R6VIX311775,1134
B8N91S87UIVJY449,1134
S336T134V35438EG,1135
UWUJK0363Q5M34U2,1135
8MSX39N324H04235,1135
K37QC6160DWIN20E,1136
AX052FMANE4HL7PZ,1136
JJFMBU12Z4QJP42U,1137
75JOAPQ05EF5063V,1137
VX303D33Q5LI68JD,1137
9G13R294DZJ5Z0HS,1138
504M4UF538946P4J,1138
TE74NT094V520069,1139
6JR8R6CK5011JHUP,1139
35N70I5JC9534GLE,1139
6318OP9M22E11262,1140
31Z099EGH0G1GAY9,1140
RXV0UX3346299EJO,1141
DSMYUIG37VAR150S,1141
7AWQY5I9VV2ZR0ZE,1141
214RK0M8LGMUQ1FT,1141
4NT3R3I0P8FPY816,1142
O2OAR477FI5IOJO4,1142
30G21N09JG13HL09,1143
60DP154152T3OZBV,1143
8E9YCT30J544TI4E,1144
O2OM1J7L21OT154C,1144
0C4817DH685HR2KH,1144
ZIEB775VWJE67N17,1144
UOCB5449QN078IP9,1145
4I2408NC87IY2YT6,1145
FM6G1TJKQK7WXK04,1146
6I7T8X70B888944A,1146
9043UW8X7697XTIJ,1146
4AANNQI1SGNXQ1K8,1147
9T8KNHGC12KL6HMY,1147
EAFR7218CEYG67CD,1148
4L200M43MZ2AQ23S,1148
ATU38WF3A5VT1OR4,1149
D011R5MF92BNW710,1149
A17MU5G1PN9G18V2,1149
683U958H4PLB1M1I,1150
S6MS717553172RR4,1150
4NW2F93F8T073EYE,1151
B0XLCX7513341D77,1151
6R5Q2KF27E12763M,1151
GP545649V818KI71,1151
729LE087X39CL4X1,1152
J4H24U9G9192OKWT,1152
AI5W054NM00YSLP7,1153
CZ7MH32MKL15U1JC,1153
310J7ZJ8014DJQ80,1153
827MW88UU5492QWG,1154
BCNSZTCR7621P4P9,1154
VZK5C54I06SESI8I,1155
6YTR8BS9P5BTM6M8,1155
14Y9UG92B1W7EO7O,1155
3M779K475SYJGP47,1156
3MJ2PQ84HDF6G1IS,1156
1I8281N35656KOM3,1157
EW48EEA03DPM314E,1157
26Z1EH5YP7V3VD53,1157
Z2VO99RO8577OH7I,1158
85JC7D6E728MZI5O,1158
6X0HIOZ9NH0ZT81W,1159
Y8ZJUW19K78X72T5,1159
5P30K4P1I63OA5JG,1160
WYE0GVSGZ1E9EBDS,1160
8X702Z1J26F55K0R,1161
P795E126C601D84Z,1161
Y446A1BW2DHUJMU1,1162
50BO9S2C23V4E9WW,1162
1998062DRZ1EGQ5V,1162
488Z6VBFT9P2XD5K,1162
XT68T1W8YPQCE36R,1163
T25B5W0116SGPD8D,1163
438VRX89M75M2LL0,1163
H4B62J06S9J2X262,1163
4H0RA9NHT2I92198,1164
T3UAZDP2L495B40K,1164
1O27UAB87951R8Y4,1165
R99Y4CR14681D581,1165
683K4U39Z21PD783,1166
V6EV2COV3D6N4Q50,1166
OE5IICR00RFH0MI8,1167
H0SAS5Y4XVDAPSH0,1167
HRHDZ51SB899605O,1168
EU238ANU11MCLH0S,1168
S4Q8SAT8WS32WO76,1169
42586UDI8NY90670,1169
1XB57Z3Z6IPFF644,1170
DL7GFYA3T9QVDGG9,1170
4FZS852E4F9TASB1,1170
49OE2H2R4YIVI0Z6,1171
M654B4D62T81Q11L,1171
6X6UBYY848561046,1172
7PX9094G74P9JOT1,1172
B6RT481H12D1VTU3,1173
0FME9GI3026D1Q45,1173
1V8G81T72C2HQV19,1174
3JRMVD25520L1164,1174
44TW32D28QKCL3X0,1175
0499865D121KSA2E,1175
35O83GX3830JS796,1175
0J12R4PGUAB2Q04N,1176
1TDFBQ2VLSZ65FX7,1176
O1TEHCGUVTLY7U7S,1177
4COF33SGFZU96803,1177
51DD7ZZ133D5332A,1178
677FKU38ED5GMEU2,1178
EOIFG1KU0B23RISG,1178
MMU04XZ8ESOOAFE9,1179
911DRP992VOU3666,1179
434RN78BZHT108XH,1179
SK70ZQ11152UL7O2,1179
9914F11AL35229R3,1180
A5AEACYV16735BW2,1180
I3H1830H4N81K1HI,1181
24MK2YB8QDC07FRU,1181
Z94MX32NQ657X1BY,1182
GYKA8940YW48OHV1,1182
63KE89996994UI8M,1182
3FTG7QHVK3819AX6,1182
577A8753Z7B2V64J,1183
75V6BJ6S4ZVL5FG2,1183
H7J03ET23S2M9981,1184
63IO97GNT2BHB5UL,1184
5YI7O471KZ5XLVT2,1184
02RJN15JIN77E896,1185
BSFX1Y509568NB7G,1185
KS0L2048H246Q58C,1186
OMOUE522G94BUYW3,1186
97R9G1W6S4X0WH2V,1187
74R68DN35MRELVRA,1187
JH9HJ3Y55OP1J2O6,1187
25X5WU3NXUVG1Y40,1188
AI1FX6YGO140C9LX,1188
DPWP41EG2LZ3H20B,1188
NCPTKAJTGJCYL9SC,1189
Z60O9NLW13UA3B03,1189
3Q2XK9247EDKCO17,1190
IIW0Z06CY6H96U34,1190
ITP0PDX67L919F1L,1190
3IW5818XEK2L8WN4,1190
64AT57X148H6M12S,1191
XT604H8C7X88VJBP,1191
7HT4396X9DXU7P70,1192
0A8V3M80546W5D9W,1192
N81NN5KM1GE86JP2,1193
7297AORGC76PN720,1193
T4UE66NU76ZSY786,1193
98JE1ZVIBFTOM945,1194
LA27933X30695AS0,1194
86APM92702827G87,1195
Z93VMDS982Y0710I,1195
A3H9CH6Q66717735,1195
0701D54PJ3EK7999,1196
T473575Y5M65M6DX,1196
6GB4RTHP5CAW2Q5G,1197
4S7Q60T145LN0I26,1197
7YSJJCDP32893C6Z,1197
IU6128179O5S6773,1197
1412FNDG5VB068Y5,1198
NLYRR4U8QKV1WKN2,1198
94Q1SS67SG101389,1199
X8I5W1DVK4E8MM8A,1199
1VCPL8810J4K07AC,1199
3TASJH172N1P7XA1,1200
28D1H322OZYD1DLF,1200
A1397R0XL9R440YL,1201
X5GZ8ZM8K3W9T39F,1201
4R47J0L2MG53YFB5,1201
B59IAFZ9F9Y2JL66,1202
5B6QRB24O703G0P2,1202
R6951J5CWO51HP7R,1202
02V202DOVJ81K938,1203
7EK2Y7VI4Z9YYJVF,1203
XA7884O1H218O1DR,1204
CEPMVQ1720CR9558,1204
2M4J2RZIT7EG98GH,1205
ZK0L946R61906LQ5,1205
O6241890C2T422N0,1205
5RO9TVF6JO80FUUF,1206
3T442P7DD7JB8AB9,1206
S2794C1SU5188791,1206
JW16YB8V9ECPOA26,1207
5H347U35D7Y890I1,1207
47K1N5T9QS4982ZK,1208
27ON1Z3GUJPN89SP,1208
3B6907Q67J20LASY,1208
XB10T1V3ZTV5T851,1208
ZED220PJ5E70788T,1209
C78ZM31AQXB1SW17,1209
GMDOLJ181AZ5T7GK,1210
2J4V306NV2NLHI68,1210
O6MB634E0WM742HR,1210
Y672I9517A830C8I,1211
71217MCUKI27A06Z,1211
I2IKZ5A6BZ990L2A,1212
X3BE1TMZH07503QH,1212
9A9MCAXUL3LE5EUQ,1213
63S0868J8Z6N82J1,1213
5XGPM02FLW22FZH6,1214
E4Z23UEL5CW2012L,1214
0M97JNRUX084L1OH,1214
4I4CK9TMU911G86W,1215
3705K6T8KKSIH1VD,1215
T69942QD4845XH24,1216
6B993XSV8T844I6S,1216
33G3AE76JE3Z03D7,1216
13GGDC82LJF182E7,1217
99S30998F20576B2,1217
OCZGG1K90O34BA8L,1217
X7662MT56354UWCH,1217
3YHH15SF06LG26BF,1218
7OWI2AEI85E3HU20,1218
334W1NW245S5955Y,1218
K2ZY8TJ8M2QX1V7H,1219
8RUSWL5Y0H11157K,1219
Z2Q70N85ZOR62Q4F,1219
6376DP0F60L52E8F,1220
J26657TYHUWG89Q7,1220
8N70D81FS5A5L5OH,1221
4L3H4WU7T66CO74H,1221
I0TV7X5O52NVF6WB,1221
7C9PSOVN71O37U2P,1221
5C78X2WO346H789A,1222
06G35H0M4734H87E,1222
09E54BVCG1E3G38K,1222
0406R979RN1VO592,1223
A2M9315APJFE08GD,1223
84695C84BA1GRCSU,1223
4PI5HA02O0I96C42,1224
5N3AMW2I5397U8NJ,1224
2IPXJ7H2Q0R6ZE8D,1224
T1ZRD5QEIMSJ630S,1225
6JCTTJ2BBW2M65RO,1225
JTYII40067LCUGQC,1226
H3719F946155UFAN,1226
O42BD4B02HOGYW4G,1227
02CY1QM07LJP6AJE,1227
5TEI72FH4B8XQ5I3,1227
V6LTI61O680H60NT,1228
1RE2H344GXS6LHF5,1228
96318805S30680HX,1228
9XNLAP29Y7SA52U1,1229
P96Y5C319TY07Z03,1229
S9JDZB9R1IBIFLV3,1229
F4H9TUI1S9932MH8,1229
B68KZ309OEF7VW45,1230
4Y396RH830998G5E,1230
62GKB221478M79D7,1230
81O18POX63GJ7832,1231
UY1I2KGWW673R93C,1231
RDLSUIZ2Q058XCQK,1231
0MC9BS7XZ057CTO1,1232
B2L96N51KD51L7HE,1232
37ST1N3H1V59EFEF,1232
B3YTSN5OGEA257C4,1233
Y3V0PY9PX313E858,1233
LC30Y9115SYM5PH1,1233
21ZE2L0G4K48RU2B,1233
VM3WRHR4V38J93R5,1234
PC043X7199D5GBXK,1234
XN5KOP7JABSG8B3F,1234
4VN91IS68G506M15,1235
8666VY52411CWY28,1235
S28PAL9MZHHB48Y1,1236
9J43JLO7LXA3H7JL,1236
9A3T1SO7NY127M7H,1236
49SFOM988Z3V82GA,1236
0317B92DIX2O4HGK,1237
GV88F0JXP2ZBL763,1237
20022160S6246X53,1237
HF2EH2G85A52F4DI,1237
BOLH4A4FO8HRD44P,1238
Q85SQPDV484G3BL4,1238
JWSCOU2ML553A7IQ,1238
Z5B8CKRDU46JV230,1239
50OM78PC9C6534G6,1239
VRZF32AAJ0T3V325,1240
AJKQB88UBE7Z1568,1240
7QRU7OZ5PRRNCBQ8,1241
K50MB52V3312EP35,1241
U253Z8U25N0S1ET7,1242
8M18S2TG5QV0JZJ6,1242
ROD4782M9O54RW6Y,1242
4OXZI7O694IC1YMP,1243
4N1I7503ZY3NT8OP,1243
973YK42AXZNPB3T7,1244
FG536O4SO32H1Z45,1244
H60T07J675B4Q62T,1245
0R4UYB37R68SE5BW,1245
O67292G79X33C4AS,1246
3K41T2G9UQ67FDU9,1246
U3Q5XS9WH0IM5L3A,1247
H7G6U2J2199A73JM,1247
VJ19LW769VVT21W4,1248
862AJHVH5UM2UDH6,1248
BI5J35482BOT496Y,1249
TU87Z25L97Y9X938,1249
2MMSIJRA1273A83G,1250
VP2QZ5O168GJC730,1250
FHKPH27CCRV59379,1251
EFMA863YZI766EK2,1251
7P7Z07B5DA8KABPG,1252
74708A9G263CL2N7,1252
668M80QT3HAOAH2J,1253
DRM2D8KWK4M0A589,1253
YO85NN3X687R92CM,1254
XLW395QXDUWO36K3,1254
O368581900M1DYCJ,1255
U5N840E25RNAYIA7,1255
9326YW89AEU6S2X3,1256
J0G4JR395Y02F53J,1256
25FBY5P66MR3B3P4,1257
784TYAO06L94CI52,1257
D480M4QG7LPQ71Z0,1258
5H5196P98EC1IAN6,1258
Q6U4BSRH074P1054,1258
8Q4YL8B91431O244,1259
6PD1IYIZ762WTU6W,1259
ZY917VWJT599FP9Z,1259
44RC35B455YRO40R,1260
U8IXP765W74G566S,1260
ZP493P2W6DTH8TA1,1261
I88X7O1M0772JJ1S,1261
TQC7ZET49SV5HNF8,1261
139T6HGNJS99V4RQ,1262
25A4I18H1FMBG1X0,1262
UO1TQ3R6PGPY05Z6,1263
4DGSS336RN3JNEX2,1263
76F115501144SWJW,1264
04T3P58M8377BOBD,1264
RUUP6QKHW0YDYT49,1265
9J9596962P0XU9NS,1265
I3251DLK3DL8IY9G,1266
MQ042301N5K99A4V,1266
JYU9Y8D17T28QA78,1267
154LMCAFDY008YXZ,1267
6R0DW3KG93405F01,1268
J525D64G0VV4577B,1268
3L0129CEO013Z736,1269
TP5540NQ25R2428Z,1269
0H54QP0D7ZNR302M,1269
2XOBDXY32644632E,1269
SPHO0O3J5VKR80UI,1270
Y472UDQA5RY8W40M,1270
EHPPI62T75KZ6R0X,1270
1J049J54XES61893,1270
39WH25I0R88BJ3BX,1271
GG3RXFW3BU9I83DZ,1271
M011UYF2OR19O43C,1272
6VSG3EW40TUW970K,1272
19T6FU3AB74843CW,1273
T2C3L08B899O565T,1273
27I3FE02PAR8NYI4,1274
BTSQ1NU9NZ7UDK50,1274
R25S35YR5BH2361V,1275
8K6Z15XK6532899S,1275
FF901DG1P703W4U0,1276
5Z84EB0EJ3MBXQ8E,1276
EAAQVSDP4R81VDQ5,1277
5702RR174FMPW311,1277
RG1B59XYEP6EOHF1,1278
685FHX6R0967QSVY,1278
O609CS8N6A21K815,1278
96382Y2U5686MC4J,1279
637F9I0N5838UFIW,1279
O8PI4ZUZ1DO1NMM5,1280
Y3Q42MLV4UJ211Q4,1280
4DC2KN1X04H6YP10,1281
FUABKVCFLDY5SC49,1281
1HSJK554JO9C4V79,1282
866T6CZ6U4C70MWS,1282
P8OQF778S203UFT5,1283
59K4L2GJ6682717F,1283
8G9F5CZ60772504X,1284
2JCQ7QSE8QG9LUX6,1284
X8QUBUY1LK3XPW20,1285
TW4AEEL1664RU7ZR,1285
37353G9924078770,1286
6C0MS20O26ZW9J2Z,1286
A3A51UUBBBML54V2,1287
B815JO2EZ1D03VT0,1287
3274SL2411C035I1,1288
WBSC33F376K0H4AQ,1288
SFD03W61R1AC93K6,1288
9NEGG186O876XP0K,1289
ICJR28991MBO8936,1289
U4JP65RLE9S5X5FW,1290
0NX33LZ2IX8P9K2V,1290
0IDP278QF7119MGD,1291
539A6938B012715Q,1291
1T69T8H3YX133840,1292
57S2X9HAM044PART,1292
8K1774XDG8X379L3,1292
8GPM9735SH8Q7BKK,1293
C1V42D1M1K4TC886,1293
0BTX65SAYXLZ2V65,1294
F5S00O0S54155615,1294
1KXR4IPB76VEI05S,1294
R3S4OE64T93X7W1T,1294
75Q8QBC8KR4XLB8T,1295
5H9Y26D6BZ92Y45Y,1295
L0M6GF05M2IE1CTE,1295
4R2R4QU1JNH7IFNI,1296
D99G8AQ368L7257K,1296
K9Q6A8G0I0770B67,1297
TL21QHNIF45B29E3,1297
4WT03OJ92TE23N75,1298
67KR720ENUPT9C1E,1298
4OV322H852W19A11,1298
2B81DVI69GI2G5B1,1298
K1TLSJWYJ87E81EE,1299
869Y9F4645S4DZKL,1299
55JY0FBZDT0IXN08,1300
AZVO6I1XV17R25D5,1300
X04765GLV172OL81,1300
573K571DR1K7D684,1301
NP2377VMY11O3CPU,1301
54612L310D87KHR2,1302
33VAX5BJAP4Q889M,1302
539SAE60YZ7E0258,1303
8NY47V7Q5HS8KL85,1303
L2673JXU15992DO4,1303
529RIS67FV5H54Q6,1303
2N958DC3EU3G4II8,1304
L0H705GFR30KW6S8,1304
0V8RSRIWK7TZ66O1,1305
4121W5CX8N610BQ5,1305
60L03L912CJS5C96,1305
03CG061N2L81M2L4,1306
GC82DCD3H40RZC7S,1306
S13P09KWE0L71Q57,1307
ZM0749077EX5693H,1307
HD259921R3K193QQ,1308
VINDYR2BOQ60G05Z,1308
EMLG42S7FGY21NB0,1309
3G14K31CV83T0KH9,1309
2J7965702PAJJ2N6,1310
8C30Z415PC2V17E4,1310
QEH7WLS12YE640L7,1311
S2Z0ZP5ZBH8JBC29,1311
Q52631N15KQ87827,1312
T2SJ5BA0C54800C9,1312
35193U4BDW952A7M,1313
3AGU4RH3QX045869,1313
28UTQBX6BER8PXT6,1313
6J16D235T239X09E,1314
G7609U120HJ9QMGF,1314
67607H4D6M1655KJ,1315
P0FD572W94AK2G2K,1315
C8TZ0917R7940BFO,1316
VK744GI5RW8P97F9,1316
O385V990V5P67513,1317
9HWWTP2J342C4C82,1317
E6L899W1RHA6853N,1317
7QM96K36BYSK98JJ,1318
34V7WS6XS7LP2058,1318
9WADCDIMT9X2957B,1318
64LTB68U7XM2YCDT,1318
4UCM17ILY59082PI,1319
0G8SB49331Y5O8Z9,1319
0FEUEFQ4N0U05605,1320
Y2JHLJZB9A2OED86,1320
8P00BPYUK9O60KPA,1321
1836018Y7539U1IJ,1321
05P035K27O0Q2IFB,1322
5IO70608EU0SE411,1322
K8I982033BT4MBV9,1323
X9T5D5SGS2595810,1323
I9WP81N3Y20X56B2,1323
9UIOM34RQF355A6M,1324
O6HP5GKOQ1S6RI5H,1324
MN7440MO104JQ6T1,1325
55961N7B5A5F73V6,1325
GC75QTCBS1507371,1326
N6BN9G1R8WRT5XXX,1326
1K55Z3ZMBGPR0131,1327
3SCQ90ZM1TCLLZU1,1327
8VD4H86D95J5JN9V,1327
S6V7X9397U5WR8OB,1328
2P4G01NO17Y6045Z,1328
WQDR0495RCZAN90R,1328
S15G90A9NQP9EP2T,1329
18N7W7791CCV421L,1329
4LR8X16E229Y19J3,1330
4PP861TCBE7IH48H,1330
I0LW5QZK7Q6VXMPJ,1331
N82O81AIC9A489XP,1331
O9KKQ098GW4TTF4Q,1332
C2L0O29FN4IWTKD4,1332
08V8340R8BM2099S,1332
80Z343596133UYR2,1333
8RK94908790G0YCR,1333
912L5IM7P1TN4RFZ,1334
T5724421N561B4GG,1334
312ZZP2103AN1OQH,1335
620AH20B72B59RRM,1335
Q45981Q1BO0EO28F,1335
57B90I56S41X37ZI,1335
E2W9FAE6TZ19321J,1336
G64NHG9LRIQJ45Z5,1336
SD0INYM6Y67943JT,1337
RMG23XE96IV17862,1337
84D8E69PM1916G2J,1338
571213A95ATX9001,1338
WEL24N19X23P3ZZ3,1339
YHD723708373G88N,1339
ZKH90Y1H2EDIL873,1339
GEMSH9I50RG8HEF9,1340
4CIJ6CS33H387B09,1340
E9PK460HB6884H05,1341
6399INIP13871998,1341
0HY94W10C23G9W73,1342
NTB84305WRFDP56B,1342
T24O7S4N4QTLN0A5,1343
4CJ3227U3FDOEVZ4,1343
5O0JC6G19U15A0C7,1344
70D5X91XX9R24C65,1344
QWLZ7K1U2G3L1QR5,1344
SWNH56LEU614LH34,1345
PF887UB333199O5U,1345
1E391TW63LHG5895,1345
C2366D8NJ24644KE,1345
3S6K0JH7CX9R1049,1346
Z50KH29IMU77892N,1346
AWF96O7H58GL59BZ,1347
R0D20106RX06355F,1347
UR80RA0OBMV0F5L0,1347
AV0CALE5X0XGP50X,1348
9NN6VI35356M48S0,1348
8CCB006D78NE4981,1349
0ASUQ3185LH1P5JX,1349
O71YK91BX4VT7QEV,1349
41D835U2Z94T855M,1350
911X88M4VT888597,1350
36LS4R4ZRI9O5VYD,1351
HF14001M58201M0V,1351
O2T3A1VP3Q0L22E8,1352
7S66AZG7DS4W7B9V,1352
899S03DVZ62FREX1,1352
793487P2917237GN,1353
E0270XCK5C54523T,1353
HV434WJ087E9DJFQ,1353
H98FQI66L4213WKW,1353
49QPJ8J295DDNGW1,1354
JBT65606MBLZ2A48,1354
2A0OIJF47L035WV9,1355
9449S3S170QEN2B4,1355
8AYR4E8628W26H3M,1356
JK663D1CIK6B8566,1356
AD46781817T8WMLW,1356
LQ8A3381MTHL82X7,1357
V6EL2H806UDP47R4,1357
LZL744B8AUQA9I4L,1357
5JWIR4B8STJKZNHB,1357
5I8W94G9IFA0C8IW,1358
Q65GI3640ZHDN0W6,1358
6YBR776LF0R3P6J7,1358
6H459O84E973D121,1358
A2V1W56LX1W8O175,1359
HFR67AB4K4GLGM3S,1359
5R19D461B9L1Y326,1360
0CE85224MDI6874E,1360
6774W8SA648E1910,1361
9QV58A56N8GSAP86,1361
JX9DG8LZO481CDJK,1362
L837RSX1ZE2GXE37,1362
OUWE0I1Q3197E12L,1363
K9WBBO98942N71EU,1363
0628O08J63AP983M,1364
H6L18T3C100P7M09,1364
87Y461SNF3R26GL7,1365
5P1N0R295OE3257H,1365
809R0R44KR954L7L,1366
V52SK17477T4PGR3,1366
K7Q7C0E18L7929XP,1367
B6LO01J8RE655TMD,1367
2XPLPON29B36Z54I,1367
6N3V5X044NWY01YE,1368
IHAB4M1SO92INL9Z,1368
PX5P41N8VMZYZ57M,1368
ECL2874P6DW0MW2O,1368
54YK4IG41ZF2Z9GZ,1369
3526B306LX9K7TLL,1369
99L5COW12D24ETN4,1369
751YINCLA3Q8V1N9,1369
6P239L768CGK6URF,1370
72FG1LEUM45969J0,1370
97640H3A9U96VM05,1370
75SHYRD2OTV10W12,1371
R90M341WGK0B2A4E,1371
8WZP8VZ2U09ZZ5RV,1371
PSNW8NEXM5XFS59K,1372
FX9IC5N7G52N06NY,1372
AP37PV9K5E2G2PQE,1373
755T5949AM7630OH,1373
8BQ1JFBID1MJ13O1,1374
26CS029I3SG535X2,1374
KQ422UM9RAWA7452,1375
E5ABHG8U9R655X63,1375
EK6JCRO08G938916,1376
EI835685V81P4VKJ,1376
F4N88P91V70J905Z,1376
G0P4C5E5Y2UXC2ED,1377
C33T2G0U6U068SN7,1377
EZMDJ7P303ZBL39S,1378
S374O07L5DMO0091,1378
49YX36X56XM6VA32,1379
Q0WB64L0IL3J2D4T,1379
2LEH9BV8T7K71A2P,1380
09UI03NG611I5RNB,1380
5P393TUTNS7797CL,1381
OZZ111X2EOMM3118,1381
G49B06P8V1T76B19,1382
84M9I9F3498O2I40,1382
7P5U9SHULWR2J12S,1383
U7O0NY40AEH3TJ08,1383
J3Z50Q3EKMMW8L4N,1383
2L2T976YRQX4026N,1383
JZLLG415II34HL9G,1384
4USDHDFW0AC4M4XH,1384
PZ32S1W2568285CH,1385
G16481Y0XXF2753L,1385
P23Z7KC568X9NN0I,1386
T6047XBITZ6Z1J91,1386
BD2B4A2O25D49KS9,1386
98GT1EAFI2N49QJ7,1387
113N65B7620H2F27,1387
29X570NC4D64C2H3,1387
443WDUU4GP3U9Z28,1388
B6SKDCY7EHT8T076,1388
6AEXXR7Y8X1BX0GR,1389
P08XH59MO7P8MD5X,1389
QQ6XQKB9YIAI8757,1390
EB7NFN1819L2EG13,1390
5AP6AIO9D5V74MYG,1391
54BK23872960730E,1391
KKI24H40P3290663,1392
8LGC39LZ9GPQ9OMN,1392
700D17E4SU50BRO8,1393
4UXZQ8T8EAB2JWOV,1393
0MZJ62FWUD93WU2F,1394
93EO9X073S78ZZ6H,1394
93SOO67C2L9M8Q9N,1395
Q5S5HT86LIVG5H7W,1395
N1FC97226414R02W,1396
62TQ5142A65SAX6H,1396
Y31V894T5406701E,1397
V27P7TXWMO0G82HQ,1397
BBQH7I00ULP408KZ,1397
S5281401H247H8U2,1397
5GLH8FBWF937A61Z,1398
YJ1HP0BDAFZIB88F,1398
HQC8IO6K4436CN41,1399
MB5V8IK3MV415TRQ,1399
